lote,name,birth_year,haras,link,studbook_id,padrillo,M,birth_eday,sex,PR,PS,PRS
53,A HI DAY,2023,ABOLENGO,/remates/view/344,441697,HI HAPPY,ASPEN DAYS,15jul2023,1,.53843218,.34536856,.18595755
47,ABRAZADORA,2023,EL MALLÍN,/remates/copa-bullrich-abril-2/lotes,447011,SOVEREIGN (IRE),ABIDE (FR),08oct2023,1,.6625005,.21378811,.14163473
34,AKI,2023,EL MALLÍN,/remates/copa-bullrich-abril-2/lotes,445321,CIMA DE TRIOMPHE (IRE),ACCESS CODE (USA),20oct2023,2,.67970115,.26333004,.17898573
1,ALDEA BOMB,2019,FIRMAMENTO,/remates/remate-de-yeguas-madres-firmamento-y-la-pasion/lotes,413415,HIT IT A BOMB (USA),ALDEA NISTEL,17jul2019,1,.70655209,.25558823,.1805864
16,ALGO DIFERENTE,2023,VACACIÓN,/remates/view/342,442099,FORTIFY (USA),ALBERETA,04aug2023,2,.67348671,.31616861,.21293536
30,AMIGA VERDADERA,2023,VACACIÓN,/remates/view/342,446560,FULL MAST (USA),AMIGA DEL CORAZON,12oct2023,1,.62407923,.20006078,.12485378
38,ANDADOR,2023,GRAN MUÑECA,/remates/view/343,447896,GIDU (IRE),AVELLANA KEY,04nov2023,2,.7624988,.11715315,.089329131
57,ANTOLINA,2023,VACACIÓN,/remates/view/342,441601,REMOTE (GB),AMOR DE VERDAD,10jul2023,1,.5412389,.16026807,.08674331
2,ARDE LA CIUDAD,2012,LA PASIÓN,/remates/remate-de-yeguas-madres-firmamento-y-la-pasion/lotes,327096,STORMY ATLANTIC (USA),ARDE TROYA,01oct2012,1,.5607416,.17100672,.095890582
3,ARTIGLIARI,2018,LA PASIÓN,/remates/remate-de-yeguas-madres-firmamento-y-la-pasion/lotes,408644,EASING ALONG (USA),AFRIKANA,27sep2018,1,.54198903,.15072878,.081693344
4,ARZABAL,2023,VACACIÓN,/remates/view/342,441837,FORTIFY (USA),AYRA,30jul2023,2,.65977603,.32051304,.21146682
50,ASPERO,2023,EL MALLÍN,/remates/copa-bullrich-abril-2/lotes,445493,NICHOLAS,RISPIDA,25sep2023,2,.51152217,.10419313,.053297095
16,ASTRONOMIST,2023,SANTA MARÍA DE ARARAS,/remates/view/345,445908,DANIEL BOONE (BRZ),AT THE MAIL,03oct2023,1,.57625425,.14134192,.081448883
38,BAD BOY,2023,VACACIÓN,/remates/view/342,444414,TREASURE BEACH (GB),BARAHONA,15sep2023,2,.67049986,.19542775,.13103427
56,BAMBI BEACH,2023,ABOLENGO,/remates/view/344,443918,TREASURE BEACH (GB),BAMBI MIA,09sep2023,1,.39175832,.092345387,.036177073
39,BANDURRION,2023,GRAN MUÑECA,/remates/view/343,447894,CITYSCAPE (GB),BANDURRIA CAT,26oct2023,2,.73742706,.1497715,.11044555
58,BARBARA GIRL,2023,ABOLENGO,/remates/view/344,445123,COSMIC TRIGGER,BARCELONA GIRL,03oct2023,1,.42351374,.081399649,.03447387
19,BARBIE MARGOT,2023,ABOLENGO,/remates/view/344,441693,PNEUMATIC (USA),BARBIE GIRL,12jul2023,1,.55169255,.1757291,.09694843
51,BEAUTIFUL MIND,2023,EL MALLÍN,/remates/copa-bullrich-abril-2/lotes,444094,IL MERCATO,ROMAN HOLIDAY,03sep2023,2,.73275322,.1434148,.10508765
4,BESUQUEIRA,2012,LA PASIÓN,/remates/remate-de-yeguas-madres-firmamento-y-la-pasion/lotes,323557,ZENSATIONAL (USA),STORMY BEAM,02jul2012,1,.65586674,.13733469,.090073258
45,BLACK BOY,2023,ABOLENGO,/remates/view/344,441694,DADDY LONG LEGS (USA),BLACK SILKS,13jul2023,2,.68574184,.16816314,.1153165
45,BOBBY CHARLTON,2023,EL MALLÍN,/remates/copa-bullrich-abril-2/lotes,448233,NICHOLAS,DIXIE MANIA,20sep2023,2,.51290822,.052721992,.027041543
28,BOHEMIA KISS,2023,SANTA MARÍA DE ARARAS,/remates/view/345,447376,DANIEL BOONE (BRZ),BUTTERFLY KISS,13oct2023,1,.56946713,.12012872,.068409361
5,BOMBA CURSI,2018,FIRMAMENTO,/remates/remate-de-yeguas-madres-firmamento-y-la-pasion/lotes,405920,HIT IT A BOMB (USA),CURSI NISTEL,05jul2018,1,.73256582,.23272768,.17048834
46,BON JOURNE,2023,VACACIÓN,/remates/view/342,442693,TREASURE BEACH (GB),BEAUTY MUSIC,10aug2023,2,.71594608,.18798661,.13458827
49,BONIATO,2023,GRAN MUÑECA,/remates/view/343,445939,GIDU (IRE),BOLOÑESA KEY,11sep2023,2,.76424301,.13126953,.10032182
29,BONUS TRACK,2023,ABOLENGO,/remates/view/344,442940,TREASURE BEACH (GB),BONICA NOIA,21aug2023,2,.70040971,.21818709,.15282036
6,BOU SIGEN,2021,FIRMAMENTO,/remates/remate-de-yeguas-madres-firmamento-y-la-pasion/lotes,426515,SEAHENGE (USA),BOUCLETTE NISTEL,02jul2021,1,.75166535,.21926072,.16481069
52,BUEN BLUES,2023,VACACIÓN,/remates/view/342,441817,LE BLUES,BORISHCA,29jul2023,2,.69766021,.11515439,.080338635
33,BURBUJAS DE AMOR,2023,VACACIÓN,/remates/view/342,443523,CITYSCAPE (GB),BASTILLANA,03sep2023,1,.60814965,.21385956,.13005862
27,CALLADA ERES,2023,GRAN MUÑECA,/remates/view/343,443585,MADE YOU LOOK (USA),CALUABY,18jul2023,1,.70961654,.18192381,.12909614
7,CAMBIA Y JUEGA,2018,LA PASIÓN,/remates/remate-de-yeguas-madres-firmamento-y-la-pasion/lotes,405880,VIOLENCE (USA),CAMBIO Y FUERA,25jul2018,1,.6195367,.13380532,.082897305
12,CAMBIO RADICAL,2023,EL MALLÍN,/remates/copa-bullrich-abril-2/lotes,447001,SOVEREIGN (IRE),POORLITTLEBRIDGETT (USA),13aug2023,2,.71472871,.19615522,.14019777
62,CANDY MACHINE,2023,ABOLENGO,/remates/view/344,443912,PNEUMATIC (USA),CANDYDACY,04sep2023,1,.48803023,.096711397,.047198083
22,CANDY MO,2023,ABOLENGO,/remates/view/344,441689,PNEUMATIC (USA),CITY AND THE SEX,11jul2023,2,.61031091,.17872606,.10907847
11,CARAMELLA,2023,ABOLENGO,/remates/view/344,442072,PNEUMATIC (USA),CARAMELIZA,21jul2023,1,.5620169,.2034559,.11434565
3,CARE FOR DADDY,2023,ABOLENGO,/remates/view/344,442621,DADDY LONG LEGS (USA),CARE FOR,14aug2023,2,.62860787,.2807247,.17646576
8,CARISIMA EMPER,2010,FIRMAMENTO,/remates/remate-de-yeguas-madres-firmamento-y-la-pasion/lotes,305468,EMPEROR JONES (USA),CARA Y LINDA,23jul2010,1,.67530727,.32055509,.21647319
14,CARMELO TONY,2023,ABOLENGO,/remates/view/344,446094,EQUAL STRIPES,CARMELINDA,24oct2023,2,.43579257,.10486997,.045701552
43,CASANDRIA,2023,VACACIÓN,/remates/view/342,442097,LE BLUES,CALBESIA,03aug2023,1,.54683882,.11285763,.061714936
24,CATTO,2023,ABOLENGO,/remates/view/344,443486,DADDY LONG LEGS (USA),CATY SOUL,29aug2023,2,.60062599,.12769429,.076696515
48,CELINE STYLE,2023,ABOLENGO,/remates/view/344,445442,EQUAL STRIPES,CECIL ASPEN,15oct2023,1,.47924417,.11696195,.056053333
23,CHELA,2023,ABOLENGO,/remates/view/344,442627,COSMIC TRIGGER,CHARLOTTE CHANTAL,12aug2023,1,.53295875,.14135808,.075338021
7,CHESTER,2023,EL CHAÑAR,/remates/copa-bullrich-abril-2/lotes,441795,DADDY LONG LEGS (USA),CHARMING PRINCESS,21jul2023,2,.6668995,.12642185,.084310673
19,CIMENTADO,2023,SANTA MARÍA DE ARARAS,/remates/view/345,445911,DANIEL BOONE (BRZ),CINCIDELLA,09oct2023,2,.64159864,.1942067,.12460276
4,CITA PERFECTA,2023,EL MALLÍN,/remates/copa-bullrich-abril-2/lotes,447012,SOVEREIGN (IRE),SAVE THE DATE,16oct2023,1,.6245746,.24027228,.15006797
9,CITY LION (USA),2006,LA PASIÓN,/remates/remate-de-yeguas-madres-firmamento-y-la-pasion/lotes,286515,LION HEART,CITY HYLTON,11feb2006,1,.63196474,.22272611,.14075504
10,CITY MAP,2012,LA PASIÓN,/remates/remate-de-yeguas-madres-firmamento-y-la-pasion/lotes,328180,ZENSATIONAL (USA),CITY LION (USA),08oct2012,1,.69089121,.12141557,.083884947
9,CITY QUEEN,2023,ABOLENGO,/remates/view/344,444288,EQUAL STRIPES,LEMONCELLA,19sep2023,1,.37698549,.19569422,.073773883
65,CLASSY WOMAN,2023,ABOLENGO,/remates/view/344,442276,TREASURE BEACH (GB),CALDESIA,06aug2023,1,.54575664,.17285196,.094335109
36,CLAUDE MONET,2023,EL MALLÍN,/remates/copa-bullrich-abril-2/lotes,444082,SOVEREIGN (IRE),LA PIAFF,25jul2023,2,.79810899,.30178395,.24085648
11,COCOQ,2021,LA PASIÓN,/remates/remate-de-yeguas-madres-firmamento-y-la-pasion/lotes,430060,IL MERCATO,CITY MAP,28sep2021,1,.63241428,.13054986,.082561597
32,COLORADO EL UNO,2023,LA LEYENDA,/remates/copa-bullrich-abril-2/lotes,445320,CIMA DE TRIOMPHE (IRE),CRYSTAL IN ASPEN,14oct2023,2,.67006636,.22815664,.15288009
4,CONSTANTINO KING,2023,SANTA MARÍA DE ARARAS,/remates/view/345,447395,DANIEL BOONE (BRZ),CARTA PATENTE,27oct2023,2,.66878092,.22888319,.15307271
38,CONTESSA MATIC,2023,ABOLENGO,/remates/view/344,442289,PNEUMATIC (USA),CONTESSA LINDA,29jul2023,1,.61528283,.17975974,.11060308
2,COOL BRO,2023,ABOLENGO,/remates/view/344,443536,PNEUMATIC (USA),COOL SITE,30aug2023,2,.61113751,.27004254,.16503313
42,COPERNICANA,2023,LA LEYENDA,/remates/copa-bullrich-abril-2/lotes,445317,STORM EMBRUJADO,COPPER,11oct2023,1,.41517547,.13852824,.057513528
11,COQUET HIT,2021,FIRMAMENTO,/remates/venta-training-haras-firmamento-1/lotes,430113,HIT IT A BOMB (USA),GRAND COQUETTE,04oct2021,1,.78238404,.21416071,.16755593
12,CUANTICA,2004,LA PASIÓN,/remates/remate-de-yeguas-madres-firmamento-y-la-pasion/lotes,257720,INTERPRETE,CUPULA,08sep2004,1,.51443678,.13541903,.06966453
41,CUERDA,2023,EL MALLÍN,/remates/copa-bullrich-abril-2/lotes,444674,SOVEREIGN (IRE),TOCADA MAL,12sep2023,1,.69004542,.15689433,.10826421
13,CUIDADIOSA,2016,FIRMAMENTO,/remates/remate-de-yeguas-madres-firmamento-y-la-pasion/lotes,359485,CAMPANOLOGIST (USA),CUIDADOSA HALO,02aug2016,1,.68918872,.2923584,.2014901
6,DAKOTA BOONE,2023,SANTA MARÍA DE ARARAS,/remates/view/345,445898,DANIEL BOONE (BRZ),DISNEY QUEEN,28sep2023,1,.62541163,.16867037,.10548841
21,DANDY BOY,2023,ABOLENGO,/remates/view/344,443478,EQUAL STRIPES,DANCE ON THE SEA,26aug2023,2,.55777955,.15869701,.088517949
31,DAY LEWIS,2023,EL MALLÍN,/remates/copa-bullrich-abril-2/lotes,446999,SOVEREIGN (IRE),LA MAS POSH,12oct2023,2,.61133152,.086601034,.052941941
21,DE ESTOCOLMO,2023,GRAN MUÑECA,/remates/view/343,445953,GIDU (IRE),DAY FOR LIFE,03oct2023,2,.77079636,.09440022,.072763346
40,DE GAULLE,2023,EL MALLÍN,/remates/copa-bullrich-abril-2/lotes,446998,SOVEREIGN (IRE),UNE DAME,12oct2023,2,.55958837,.082864851,.046370208
14,DELICADA GLORY,2010,FIRMAMENTO,/remates/remate-de-yeguas-madres-firmamento-y-la-pasion/lotes,307429,HONOUR AND GLORY (USA),DISTINGUIDA FITZ,06sep2010,1,.78752625,.23894742,.18817736
43,DERBY DAY,2023,GRAN MUÑECA,/remates/view/343,445952,MADE YOU LOOK (USA),DENVER CITY,03oct2023,2,.68018097,.10509314,.071482353
15,DEVOTIONAL,2012,LA PASIÓN,/remates/remate-de-yeguas-madres-firmamento-y-la-pasion/lotes,323890,STORMY ATLANTIC (USA),DEVOTION UNBRIDLED (USA),03aug2012,1,.37715742,.13612826,.051341783
37,DIFFERENT STRIPES,2023,ABOLENGO,/remates/view/344,442270,EQUAL STRIPES,DIFFERENT RULE,01aug2023,2,.62041813,.23723741,.14718638
25,DISTINGUIDA GIRL,2023,ABOLENGO,/remates/view/344,442288,COSMIC TRIGGER,DISTINGUIDA CATCH,29jul2023,1,.55399281,.1031399,.057138763
16,DIXIE MASK,2018,LA PASIÓN,/remates/remate-de-yeguas-madres-firmamento-y-la-pasion/lotes,407078,EASING ALONG (USA),DIXIE WITCH (USA),19aug2018,1,.67206722,.24355477,.16368517
17,DONA CANDY,2018,LA PASIÓN,/remates/remate-de-yeguas-madres-firmamento-y-la-pasion/lotes,406078,STORM EMBRUJADO,SWEET HARD CANDY (USA),18jul2018,1,.30275193,.05239531,.015862782
28,DONDE SEA,2023,GRAN MUÑECA,/remates/view/343,445943,MADE YOU LOOK (USA),DONDE ESTAS,16sep2023,2,.71504754,.12095627,.086489484
3,DREAM TIME,2023,VACACIÓN,/remates/view/342,441782,FORTIFY (USA),DIA FELIZ,21jul2023,2,.75761575,.41982114,.31806311
13,DULCE REGRESO,2023,VACACIÓN,/remates/view/342,442096,FORTIFY (USA),DOÑA TITA,02aug2023,2,.72630692,.22219734,.16138346
16,DULCINEA SAM,2023,GRAN MUÑECA,/remates/view/343,443580,MADE YOU LOOK (USA),DULCE SAM,05jul2023,1,.67259657,.2098868,.14116915
18,EARLY FANTASY,2023,VACACIÓN,/remates/view/342,443806,FORTIFY (USA),ELMIRA,06sep2023,1,.59888053,.23281752,.13942988
63,EARTH DAY,2023,ABOLENGO,/remates/view/344,442291,COSMIC TRIGGER,EARTHRISE,31jul2023,2,.63785785,.12515399,.079830453
22,EGMONT,2023,EL CHAÑAR,/remates/copa-bullrich-abril-2/lotes,441799,TREASURE BEACH (GB),ESCAPE TALENT,20jul2023,2,.5630703,.064666562,.036411822
36,ELASTIC WOMAN,2023,GRAN MUÑECA,/remates/view/343,444012,MADE YOU LOOK (USA),ELADIA VUELVE,24aug2023,1,.62444603,.12556885,.078410968
35,ELLE MC,2023,ABOLENGO,/remates/view/344,442615,COSMIC TRIGGER,ELUDIBLE,11aug2023,1,.4918482,.14303422,.070351124
18,ELLIJAY,2021,LA PASIÓN,/remates/remate-de-yeguas-madres-firmamento-y-la-pasion/lotes,427537,IL MERCATO,EXPEDIA,18aug2021,1,.71803886,.11654358,.08368282
19,EMBELLISH,2005,LA PASIÓN,/remates/remate-de-yeguas-madres-firmamento-y-la-pasion/lotes,263391,EDITOR'S NOTE (USA),EMBRASABLE,02aug2005,1,.44638449,.14959091,.066775061
28,EMBLEMA,2023,EL MALLÍN,/remates/copa-bullrich-abril-2/lotes,447009,SOVEREIGN (IRE),ELISABETA,08oct2023,1,.71052372,.25745434,.18292741
20,EMBRIDA,2010,LA PASIÓN,/remates/remate-de-yeguas-madres-firmamento-y-la-pasion/lotes,305426,LIZARD ISLAND (USA),EMBRACE ME,27jul2010,1,.61408728,.21923111,.13462704
21,EMISARIA,2002,LA PASIÓN,/remates/remate-de-yeguas-madres-firmamento-y-la-pasion/lotes,246991,ROY (USA),EARLY KIT,23oct2002,1,.57948136,.30626777,.17747647
10,EMPRESS MORRIS,2023,EL ARROYO,/remates/copa-bullrich-abril-2/lotes,441638,GOUVERNEUR MORRIS (USA),EMPRESS DIVA,21jul2023,1,.55661088,.084147215,.046837255
48,ENGLISH FILLY,2023,GRAN MUÑECA,/remates/view/343,445989,MADE YOU LOOK (USA),ENGLISH WOMAN,13oct2023,1,.65892524,.096286975,.063445918
22,ENJOY CRAF,2017,FIRMAMENTO,/remates/remate-de-yeguas-madres-firmamento-y-la-pasion/lotes,401733,MASTERCRAFTSMAN (IRE),ENJOY ROMA,24oct2017,1,.65475714,.24242187,.15872745
23,ENTRETIEMPO,2012,LA PASIÓN,/remates/remate-de-yeguas-madres-firmamento-y-la-pasion/lotes,327099,EXCHANGE RATE (USA),ENTRANCED (USA),02oct2012,1,.78705943,.22822878,.17962961
49,ENVIDO,2023,EL MALLÍN,/remates/copa-bullrich-abril-2/lotes,444083,SOVEREIGN (IRE),RETRUCALA,29jul2023,2,.69214672,.21041811,.14564019
64,ERFIRIA,2023,ABOLENGO,/remates/view/344,442933,PNEUMATIC (USA),ESMERALDA DAY,18aug2023,1,.5399372,.15049143,.08125592
21,ERTO,2023,SANTA INÉS,/remates/copa-bullrich-abril-2/lotes,445029,UNCLE CHUCK (USA),ERSILIA,16sep2023,2,.57116628,.0801479,.045777779
3,ES SOÑADO,2023,EL CHAÑAR,/remates/copa-bullrich-abril-2/lotes,443832,EQUAL STRIPES,ES SERENITA,26aug2023,2,.56235898,.10087281,.056726728
18,ESCAPE ESPECIAL,2023,GRAN MUÑECA,/remates/view/343,443590,MADE YOU LOOK (USA),ESCAPISTA,26jul2023,2,.68205398,.10395714,.070904382
24,ESPACIADORA,2009,LA PASIÓN,/remates/remate-de-yeguas-madres-firmamento-y-la-pasion/lotes,297322,GIANT'S CAUSEWAY (USA),ESPANTADA (USA),05aug2009,1,.63307112,.21414673,.13557011
28,ESTHETIC BOY,2023,ABOLENGO,/remates/view/344,442280,COSMIC TRIGGER,ESTHETICALLY,10aug2023,2,.58624023,.17350888,.10171789
7,ETTE SEIVER,2019,FIRMAMENTO,/remates/venta-training-haras-firmamento-1/lotes,415726,SUPER SAVER (USA),HOLIDAY CLETTE,23sep2019,2,.7189548,.19471067,.13998817
25,EVATINA,2010,LA PASIÓN,/remates/remate-de-yeguas-madres-firmamento-y-la-pasion/lotes,306299,ORPEN (USA),EVER BEAUTY,15aug2010,1,.64231032,.41416079,.26601976
59,EVIDENCE DAD,2023,ABOLENGO,/remates/view/344,445435,DADDY LONG LEGS (USA),EVIDANCE RULER,10oct2023,2,.57964355,.12864523,.074568376
39,EVOQUE,2023,ABOLENGO,/remates/view/344,444526,DADDY LONG LEGS (USA),EVOLVE,24sep2023,2,.60469007,.12519662,.075705156
15,EXCELSO,2023,EL CHAÑAR,/remates/copa-bullrich-abril-2/lotes,441797,DADDY LONG LEGS (USA),EXCHANGELY,19jul2023,2,.66866511,.12691346,.084862605
26,EXPEDIA,2013,LA PASIÓN,/remates/remate-de-yeguas-madres-firmamento-y-la-pasion/lotes,338436,EASING ALONG (USA),LIGHTLY EXPRESSED (USA),09oct2013,1,.75965732,.21249405,.16142265
40,EXPRESSIVE GIRL,2023,ABOLENGO,/remates/view/344,442945,TREASURE BEACH (GB),EXPRESSIVE ONE,24aug2023,1,.48142827,.15088762,.072641566
18,FABIUS MAXIMUS,2023,SANTA MARÍA DE ARARAS,/remates/view/345,447379,DANIEL BOONE (BRZ),FUNICULA,14oct2023,2,.60172933,.13068068,.078634396
27,FANCY KITTY,2013,LA PASIÓN,/remates/remate-de-yeguas-madres-firmamento-y-la-pasion/lotes,338454,EASING ALONG (USA),FANCY TALE (USA),25oct2013,1,.74691904,.2675204,.19981608
53,FEEL FREE,2023,VACACIÓN,/remates/view/342,441603,UNCLE CHUCK (USA),FUNGUERA,13jul2023,1,.64432418,.14750683,.095042221
22,FEL FEM,2023,SANTA MARÍA DE ARARAS,/remates/view/345,445909,DANIEL BOONE (BRZ),FELICIDAD IS BACK,05oct2023,1,.5817048,.14066038,.081822813
33,FESTIVE BOONE,2023,SANTA MARÍA DE ARARAS,/remates/view/345,445913,DANIEL BOONE (BRZ),FEELINGS,13oct2023,1,.54694808,.17329258,.09478204
40,FESTIVE LADY,2023,SANTA MARÍA DE ARARAS,/remates/view/345,445892,DANIEL BOONE (BRZ),FELICIDAD ALWAYS,26sep2023,1,.55867589,.11690261,.065310672
52,FIND ME,2023,ABOLENGO,/remates/view/344,443924,PNEUMATIC (USA),FIX IT,13sep2023,2,.64173687,.15901364,.10204492
44,FIRST QUEEN,2023,SANTA MARÍA DE ARARAS,/remates/view/345,441762,VILLAGE KING,FELURIAN,16jul2023,1,.40412605,.15351728,.062040329
9,FIXED DISK,2023,GRAN MUÑECA,/remates/view/343,443592,MADE YOU LOOK (USA),FIXED IDEA,04aug2023,2,.76483786,.14582695,.11153397
37,FLOR ARABESCA,2023,GRAN MUÑECA,/remates/view/343,447752,MADE YOU LOOK (USA),FLOR DE BENICIO,28oct2023,1,.62307793,.10303773,.064200535
19,FOGUEADO,2023,EL MALLÍN,/remates/copa-bullrich-abril-2/lotes,441733,SOVEREIGN (IRE),CURTIDA NISTEL,02aug2023,2,.61571354,.097244278,.059874617
28,FOLLONICA,2013,LA PASIÓN,/remates/remate-de-yeguas-madres-firmamento-y-la-pasion/lotes,335547,ZENSATIONAL (USA),FOTOGRAFICA,11sep2013,1,.73335332,.27814108,.20397568
1,FREE KICK,2023,GRAN MUÑECA,/remates/view/343,443583,MADE YOU LOOK (USA),FULL SERRANA,17jul2023,2,.69988853,.1186984,.08307565
34,FUERTE Y CLARO,2023,SANTA MARÍA DE ARARAS,/remates/view/345,445902,DANIEL BOONE (BRZ),FUNK GIRL,30sep2023,2,.68985599,.12170354,.083957911
24,FULL AMALFITANO,2023,GRAN MUÑECA,/remates/view/343,442499,FULL MAST (USA),AMALFI SONG,03jul2023,2,.8000443,.18879688,.15104586
35,FULL ANALISTA,2023,GRAN MUÑECA,/remates/view/343,443597,FULL MAST (USA),ANALISTA SONG,18aug2023,1,.73561287,.12949501,.095258199
15,FULL JANO,2023,GRAN MUÑECA,/remates/view/343,442522,FULL MAST (USA),JADED (BRZ),29jul2023,2,.8788296,.12701426,.1116239
2,FULL LUJOSO,2023,GRAN MUÑECA,/remates/view/343,442533,FULL MAST (USA),LUXURIA,10aug2023,2,.79927278,.21053241,.16827282
14,FULL MINDY,2023,GRAN MUÑECA,/remates/view/343,442534,FULL MAST (USA),MINDY,13aug2023,1,.84645027,.16876894,.14285451
16,FULL MOON,2023,ABOLENGO,/remates/view/344,442619,COSMIC TRIGGER,THUNDERY FALLEN,13aug2023,1,.31486198,.1013463,.031910095
42,FULL MY,2023,GRAN MUÑECA,/remates/view/343,442521,FULL MAST (USA),MY FRIDA KAHLO,29jul2023,2,.84091401,.15182085,.12766828
29,FULL QUESTION,2023,GRAN MUÑECA,/remates/view/343,442631,FULL MAST (USA),QUEEN'S BLADE,29jul2023,1,.7579577,.16270216,.12332135
19,FULL SEASON,2023,GRAN MUÑECA,/remates/view/343,443598,FULL MAST (USA),SEITERNAL,26aug2023,1,.71624392,.14948864,.10707033
26,FULL TAMANGO,2023,GRAN MUÑECA,/remates/view/343,446790,FULL MAST (USA),TARTARA KEY,20oct2023,2,.82845575,.14852786,.12304876
30,FULL TANA,2023,GRAN MUÑECA,/remates/view/343,442527,FULL MAST (USA),LA TANA CAT,01aug2023,1,.76253629,.19614568,.1495682
23,FULL TUCUMANA,2023,GRAN MUÑECA,/remates/view/343,442502,FULL MAST (USA),TAKE HEART,09jul2023,1,.78865838,.16900952,.13329078
7,FUTURE MIND,2023,SANTA MARÍA DE ARARAS,/remates/view/345,443686,DANIEL BOONE (BRZ),FUZARCA,10sep2023,2,.70853794,.19700493,.13958547
21,FUZZY PET,2023,SANTA MARÍA DE ARARAS,/remates/view/345,445891,DANIEL BOONE (BRZ),FUZZY LOGIC,26sep2023,1,.59937251,.19524714,.11702577
42,GALINDEZ,2023,ABOLENGO,/remates/view/344,442065,COSMIC TRIGGER,GALA ACTION,23jul2023,2,.51054192,.095669709,.048843395
12,GATICA FLORA,2023,GRAN MUÑECA,/remates/view/343,445987,MADE YOU LOOK (USA),GATITA RYE,13oct2023,1,.69847238,.14318715,.10001227
26,GENUINE FAITH,2023,ABOLENGO,/remates/view/344,442073,PNEUMATIC (USA),GOT FAITH,18jul2023,1,.60416663,.20909789,.12632997
50,GOOD HOPE,2023,ABOLENGO,/remates/view/344,445433,DADDY LONG LEGS (USA),GOOD BABE,08oct2023,1,.55016768,.21801521,.11994492
26,GOODNIGHT BABY,2023,EL CHAÑAR,/remates/copa-bullrich-abril-2/lotes,442042,DADDY LONG LEGS (USA),GOODNIGHT KISS,07aug2023,1,.45034614,.077067368,.034706991
49,GOOGLE NEWS,2023,ABOLENGO,/remates/view/344,442622,PNEUMATIC (USA),GIRL SPIRIT,14aug2023,1,.62126756,.16227539,.10081644
43,GOT MY WAY,2023,ABOLENGO,/remates/view/344,443916,EQUAL STRIPES,GOT MY MIND,08sep2023,2,.45536256,.11118729,.050630532
13,GRAN GOTERA,2023,GRAN MUÑECA,/remates/view/343,445935,MADE YOU LOOK (USA),GOTA GRUESA KEY,29aug2023,1,.7165978,.14070068,.1008258
46,GRAND VIN,2023,GRAN MUÑECA,/remates/view/343,445949,MADE YOU LOOK (USA),GARUA KEY,26sep2023,2,.77515459,.14321059,.11101034
40,GREAT UNCLE,2023,VACACIÓN,/remates/view/342,441598,UNCLE CHUCK (USA),GARUBELLA (USA),06jul2023,2,.53026098,.13151808,.06973891
29,GREEICY,2020,LA PASIÓN,/remates/remate-de-yeguas-madres-firmamento-y-la-pasion/lotes,422381,BODEMEISTER (USA),GREY'S ANATOMY,18oct2020,1,.72206241,.10334569,.074622042
6,GREKA,2023,ABOLENGO,/remates/view/344,446087,DADDY LONG LEGS (USA),GREEN RYE,19oct2023,1,.56078815,.2484338,.13931873
22,GUINEA FRANKEL,2023,GRAN MUÑECA,/remates/view/343,442528,GIDU (IRE),GUINEVERE,05aug2023,1,.70029318,.11838631,.082905129
12,HAMLET STAR,2023,VACACIÓN,/remates/view/342,441744,FORTIFY (USA),HENDAIA,11jul2023,2,.65666431,.31871578,.20928928
14,HAPPY FAMILY,2023,VACACIÓN,/remates/view/342,446563,FORTIFY (USA),HEAVENLY STAR,21oct2023,1,.57371038,.2380057,.13654634
17,HAPPY FRANKIE,2023,EL CHAÑAR,/remates/copa-bullrich-abril-2/lotes,444981,TREASURE BEACH (GB),HAPPY GIRL,15oct2023,2,.59149373,.066962101,.039607663
30,HARLAN'S ANGELIC,2011,FIRMAMENTO,/remates/remate-de-yeguas-madres-firmamento-y-la-pasion/lotes,315167,HARLAN'S HOLIDAY (USA),KWANZAN (USA),03aug2011,1,.53661597,.17382765,.093278691
43,HARRY EL SUCIO,2023,SANTA MARÍA DE ARARAS,/remates/view/345,444241,DANIEL BOONE (BRZ),HORA UNIVERSAL,15sep2023,2,.65206367,.15696822,.10235327
31,HIDILYN,2021,LA PASIÓN,/remates/remate-de-yeguas-madres-firmamento-y-la-pasion/lotes,426841,EQUAL STRIPES,HEART TO HEART,22jul2021,1,.64331555,.12735744,.081931017
32,HIGHFEVER BOMB,2020,FIRMAMENTO,/remates/remate-de-yeguas-madres-firmamento-y-la-pasion/lotes,421821,HIT IT A BOMB (USA),HIGHFEVER,28oct2020,1,.64187098,.14284945,.091690913
33,HIT BOUCLETTE,2018,FIRMAMENTO,/remates/remate-de-yeguas-madres-firmamento-y-la-pasion/lotes,405918,HIT IT A BOMB (USA),BOUCLETTE FITZ,12jul2018,1,.73968846,.3086693,.22831912
12,HIT GALILEO,2021,FIRMAMENTO,/remates/venta-training-haras-firmamento-1/lotes,426853,HIT IT A BOMB (USA),FILILEO (IRE),20jul2021,2,.6297543,.19887495,.12524235
40,HOMENAJEADA,2023,GRAN MUÑECA,/remates/view/343,442519,GIDU (IRE),HOLISTIC (BRZ),25jul2023,1,.64562249,.12923895,.083439574
3,HURRY AND HURRY,2023,SANTA MARÍA DE ARARAS,/remates/view/345,447384,DANIEL BOONE (BRZ),HONEY HAPPY,18oct2023,2,.67567527,.24883647,.16813265
10,ICONO HIT,2021,FIRMAMENTO,/remates/venta-training-haras-firmamento-1/lotes,427557,HIT IT A BOMB (USA),CUIDADOSA HALO,19aug2021,1,.76524216,.29697016,.22725409
44,IKAL,2023,ABOLENGO,/remates/view/344,442937,PNEUMATIC (USA),ITALIAN STRIPE,21aug2023,1,.58789402,.18934177,.1113129
61,ILUSTRADOR,2023,ABOLENGO,/remates/view/344,442071,COSMIC TRIGGER,ILUSTRADORA,21jul2023,2,.55959684,.10756447,.060192738
34,IMAGINAME LINDA,2011,LA PASIÓN,/remates/remate-de-yeguas-madres-firmamento-y-la-pasion/lotes,314217,EASING ALONG (USA),RUBIA PRETTY,24jul2011,1,.76753676,.32119066,.24652563
31,IMPORTE EXACTO,2023,ABOLENGO,/remates/view/344,442932,COSMIC TRIGGER,IMPORTANT THING,18aug2023,2,.55044454,.14396955,.079247251
45,IN GOAL,2023,GRAN MUÑECA,/remates/view/343,443586,MADE YOU LOOK (USA),INDIE STRIPES,21jul2023,2,.7012127,.13698325,.09605439
1,IN THIS MOMENT,2023,VACACIÓN,/remates/view/342,443457,FORTIFY (USA),IN MISSION,20aug2023,2,.7152831,.33081269,.23662473
15,INFINITA ILUSION,2023,ABOLENGO,/remates/view/344,445115,DADDY LONG LEGS (USA),INFANTA ELENA,07oct2023,1,.48709127,.30753437,.14979731
1,INNER CIRCLE,2023,ABOLENGO,/remates/view/344,442067,PNEUMATIC (USA),INTENSE LOOK,22jul2023,1,.64551955,.28817633,.18602346
35,INSTAGRAMADA,2020,LA PASIÓN,/remates/remate-de-yeguas-madres-firmamento-y-la-pasion/lotes,420615,BODEMEISTER (USA),ILLEGALLY BLONDE,15aug2020,1,.6934185,.31726438,.21999699
27,INTELIGENCIA SUPREMA,2023,VACACIÓN,/remates/view/342,446557,FORTIFY (USA),IGARA,14oct2023,1,.59116656,.27993584,.16548871
31,INTERNAL AFFAIRS,2023,VACACIÓN,/remates/view/342,442095,FORTIFY (USA),IDOCRASE,31jul2023,2,.70794439,.26970816,.19093838
4,INTRUSO,2023,GRAN MUÑECA,/remates/view/343,447899,MADE YOU LOOK (USA),IRIANA,08nov2023,2,.75087166,.14237612,.1069062
50,INVISIBLE SCAPE,2023,VACACIÓN,/remates/view/342,442094,CITYSCAPE (GB),INVISIBLE WAR,01jul2023,1,.49837747,.19381672,.096593887
15,IRISH BOY,2023,VACACIÓN,/remates/view/342,441743,FORTIFY (USA),ISLANDINA,11jul2023,2,.70921534,.26563856,.18839495
8,IT'S LIKE YOU,2023,ABOLENGO,/remates/view/344,445117,COSMIC TRIGGER,IT LOOKS FINE,07oct2023,2,.574054,.17068322,.097981386
36,IVANNE,2021,LA PASIÓN,/remates/remate-de-yeguas-madres-firmamento-y-la-pasion/lotes,426840,MANIPULATOR (USA),ILUSION OPTICA,22jul2021,1,.7465077,.1719567,.12836701
23,JESSIE JAY,2023,SANTA MARÍA DE ARARAS,/remates/view/345,444239,DANIEL BOONE (BRZ),JOLIE JOAN,11sep2023,1,.61228377,.21471784,.13146825
1,JOY MUSICA,2023,EL ARROYO,/remates/copa-bullrich-abril-2/lotes,441793,FORTIFY (USA),MELODIAN GIRL,01aug2023,1,.54165184,.22783163,.12340543
46,JUARA,2023,EL MALLÍN,/remates/copa-bullrich-abril-2/lotes,445494,STORM EMBRUJADO,MENTAWAI,05sep2023,1,.5565564,.092186838,.051307175
7,JURASSIC LAKE,2023,GRAN MUÑECA,/remates/view/343,446791,GIDU (IRE),JERICOACOARA,20oct2023,2,.73733413,.10210595,.075286202
32,JUST DANCE,2023,SANTA MARÍA DE ARARAS,/remates/view/345,443377,DANIEL BOONE (BRZ),JOLIE GIGI,23aug2023,1,.42652813,.14787169,.063071437
37,LA BODEGA DE GUZ,2020,LA PASIÓN,/remates/remate-de-yeguas-madres-firmamento-y-la-pasion/lotes,420810,BODEMEISTER (USA),LA CAPELLETA,03sep2020,1,.58136058,.080130063,.046584461
38,LA ISLA DEL SOL,2017,LA PASIÓN,/remates/remate-de-yeguas-madres-firmamento-y-la-pasion/lotes,401028,LIZARD ISLAND (USA),LA IMPARABLE,10oct2017,1,.76004612,.14653468,.11137312
25,LA MAS BONITA,2023,EL CHAÑAR,/remates/copa-bullrich-abril-2/lotes,441796,DADDY LONG LEGS (USA),LA SERENITA,28jul2023,1,.70048565,.20007791,.14015169
44,LA MAS PROLIJA,2023,GRAN MUÑECA,/remates/view/343,445944,MADE YOU LOOK (USA),LA MAS REA,17sep2023,1,.73359114,.085241586,.06253247
6,LAGO FONCK,2023,GRAN MUÑECA,/remates/view/343,443582,MADE YOU LOOK (USA),LAGUARDIA,16jul2023,2,.746207,.13686419,.10212901
39,LE CHATEAU (USA),2004,LA PASIÓN,/remates/remate-de-yeguas-madres-firmamento-y-la-pasion/lotes,371853,CHESTER HOUSE (USA),ELISSA BEETHOVEN (GB),29mar2004,1,.34150589,.23998418,.081956014
6,LEEDS,2023,VACACIÓN,/remates/view/342,442106,FORTIFY (USA),LIBRATURA,05aug2023,2,.66353518,.29236165,.19399224
56,LEITMOTIV,2023,VACACIÓN,/remates/view/342,442665,UNCLE CHUCK (USA),LA MUSICAL,11aug2023,2,.69767988,.1762041,.12293406
40,LEMKA,2019,LA PASIÓN,/remates/remate-de-yeguas-madres-firmamento-y-la-pasion/lotes,414060,BODEMEISTER (USA),LISBONESA,22aug2019,1,.64178199,.17687584,.11351573
55,LIMIT SPEED,2023,VACACIÓN,/remates/view/342,442673,LE BLUES,LA COLIFA,17aug2023,2,.68615007,.10010903,.068689816
41,LINDA CRAF,2017,LA PASIÓN,/remates/remate-de-yeguas-madres-firmamento-y-la-pasion/lotes,401065,MASTERCRAFTSMAN (IRE),MISS CARILINDA,09oct2017,1,.70203072,.24753115,.17377447
26,LOCAL TIME,2023,VACACIÓN,/remates/view/342,445622,UNCLE CHUCK (USA),LIMUSINA,30sep2023,2,.60982746,.18211533,.11105893
2,LOOK DIFFERENT,2023,SANTA INÉS,/remates/copa-bullrich-abril-2/lotes,445030,HI HAPPY,LOOK LOVELY,16sep2023,2,.69925845,.2612966,.18271385
2,LOVELY DAY,2023,VACACIÓN,/remates/view/342,443804,FORTIFY (USA),LITHUANIA,11sep2023,1,.58907092,.33567268,.19773501
55,LOXLEY,2023,ABOLENGO,/remates/view/344,443913,PNEUMATIC (USA),LOVE ME MORE,04sep2023,2,.62938714,.11175452,.070336856
42,LUCKY MAMMA,2011,LA PASIÓN,/remates/remate-de-yeguas-madres-firmamento-y-la-pasion/lotes,317441,EASING ALONG (USA),RUBIA BLONDE,12sep2011,1,.76280624,.22995357,.17541002
43,LUNA EGIPCIA,2008,LA PASIÓN,/remates/remate-de-yeguas-madres-firmamento-y-la-pasion/lotes,293503,SOUTHERN HALO (USA),LUNA POP,30oct2008,1,.63654608,.16394325,.10435743
19,LYNELLE,2023,VACACIÓN,/remates/view/342,441673,UNCLE CHUCK (USA),LINDA ESTADIA,15jul2023,1,.5536294,.12084515,.066903427
38,MACEIO,2023,SANTA MARÍA DE ARARAS,/remates/view/345,441760,DANIEL BOONE (BRZ),MALIBU STAR,11jul2023,2,.75640464,.17163548,.12982588
44,MADISON SONG (USA),2003,LA PASIÓN,/remates/remate-de-yeguas-madres-firmamento-y-la-pasion/lotes,296097,GRAND SLAM (USA),WHALAH,25jan2003,1,.3308534,.19136091,.063312404
8,MAGNIFIC HIT,2022,FIRMAMENTO,/remates/venta-training-haras-firmamento-1/lotes,434630,HIT IT A BOMB (USA),ESPLENDIDA GLORY,24jul2022,2,.79450685,.20989895,.16676615
6,MANHATTAN JOY,2023,SANTA INÉS,/remates/copa-bullrich-abril-2/lotes,446366,FORTIFY (USA),MODERN GIRL,19oct2023,2,.60281461,.22481094,.13551933
20,MANI GIRL,2023,ABOLENGO,/remates/view/344,443909,DADDY LONG LEGS (USA),MANI BO,02sep2023,1,.56277794,.25241157,.14205167
20,MARADONIANO,2023,VACACIÓN,/remates/view/342,442669,FORTIFY (USA),MARADONIANA INC,14aug2023,2,.7309041,.20460451,.14954628
4,MARIAN HIT,2021,FIRMAMENTO,/remates/venta-training-haras-firmamento-1/lotes,430729,HIT IT A BOMB (USA),LADY MARIAN (USA),30oct2021,1,.86477709,.26020682,.2250209
18,MARINA CITY,2023,SANTA INÉS,/remates/copa-bullrich-abril-2/lotes,446355,HI HAPPY,MARINA AZUL,11oct2023,1,.49999005,.16995583,.084976226
45,MASQUENADA (FR),2005,LA PASIÓN,/remates/remate-de-yeguas-madres-firmamento-y-la-pasion/lotes,383791,MUHTATHIR (GB),MACARENA (GER),03may2005,1,.50177222,.25422543,.12756327
46,MASTER BOU,2017,LA PASIÓN,/remates/remate-de-yeguas-madres-firmamento-y-la-pasion/lotes,399960,MASTERCRAFTSMAN (IRE),BOUCLETTE GLORY,11sep2017,1,.64072305,.27538371,.17644469
47,MASTER SALE,2017,FIRMAMENTO,/remates/remate-de-yeguas-madres-firmamento-y-la-pasion/lotes,401066,MASTERCRAFTSMAN (IRE),OPIUM SALE,07oct2017,1,.73859119,.19616064,.14488253
39,MELINDROSO,2023,SANTA MARÍA DE ARARAS,/remates/view/345,447394,DANIEL BOONE (BRZ),MIAMI QUEEN,27oct2023,2,.62442791,.11684899,.072963774
30,MI CHICO MATICO,2023,ABOLENGO,/remates/view/344,441691,PNEUMATIC (USA),MI CHICA BONITA,11jul2023,2,.68352526,.21173219,.14472431
36,MILES AWAY,2023,VACACIÓN,/remates/view/342,445016,FORTIFY (USA),MILLERA STRIPES,26aug2023,1,.62982416,.19383915,.12208458
16,MINAMI,2023,LA LEYENDA,/remates/copa-bullrich-abril-2/lotes,443504,GOUVERNEUR MORRIS (USA),MISS PENN,25aug2023,2,.72986275,.27282768,.19912677
23,MIRADA DISTANTE,2023,VACACIÓN,/remates/view/342,443795,FORTIFY (USA),MELODIA PAMPA,06sep2023,2,.66002756,.17375416,.11468253
48,MISTELA CROTTA,2012,LA PASIÓN,/remates/remate-de-yeguas-madres-firmamento-y-la-pasion/lotes,324787,EASING ALONG (USA),MOSCADA FILLY,23aug2012,1,.68772244,.18315159,.12595746
47,MOGUL,2023,ABOLENGO,/remates/view/344,443477,COSMIC TRIGGER,MOON LADY,25aug2023,2,.61092144,.1928909,.11784118
27,MR. BOND,2023,SANTA INÉS,/remates/copa-bullrich-abril-2/lotes,445454,UNCLE CHUCK (USA),MISS MONEYPENNY,24sep2023,2,.59046066,.12318874,.072738104
49,MUEQUITA NISTEL,2009,FIRMAMENTO,/remates/remate-de-yeguas-madres-firmamento-y-la-pasion/lotes,299319,VAN NISTELROOY (USA),MUEQUITA FITZ,19sep2009,1,.58526397,.32401288,.18963306
33,NAMASTE,2023,GRAN MUÑECA,/remates/view/343,446788,MADE YOU LOOK (USA),NAHUEN,19oct2023,2,.70985878,.15234195,.10814127
25,NANKURUNAISA,2023,GRAN MUÑECA,/remates/view/343,445937,MADE YOU LOOK (USA),NASHIN BLUE,12sep2023,1,.64644563,.10446282,.067529529
50,NICARAGUA (USA),2006,LA PASIÓN,/remates/remate-de-yeguas-madres-firmamento-y-la-pasion/lotes,286532,BERNSTEIN (USA),NORTH DREAM,06mar2006,1,.50975692,.30641133,.1561953
46,NINETTE,2023,ABOLENGO,/remates/view/344,444282,PNEUMATIC (USA),NIFTY,16sep2023,1,.54737723,.17863378,.097780064
13,NIÑO FELIZ,2023,EL CHAÑAR,/remates/copa-bullrich-abril-2/lotes,443833,EQUAL STRIPES,BURG ANIÑADA,11sep2023,2,.48410469,.1610792,.077979192
36,NIÑO MATICO,2023,ABOLENGO,/remates/view/344,442946,PNEUMATIC (USA),STORMY NIÑA,24aug2023,2,.64718884,.1641347,.10622615
5,NUNCA TAXI,2023,LA LEYENDA,/remates/copa-bullrich-abril-2/lotes,445315,GOUVERNEUR MORRIS (USA),NINA BERNSTEIN,16oct2023,2,.72210079,.32113639,.23189284
2,O MAIS GRANDE,2021,FIRMAMENTO,/remates/venta-training-haras-firmamento-1/lotes,429731,REMOTE (GB),BIJOU EMPER,12oct2021,2,.73163861,.22076158,.16151769
25,OFUSCADOR,2023,SANTA MARÍA DE ARARAS,/remates/view/345,445900,DANIEL BOONE (BRZ),ORDEM UNIDA,29sep2023,2,.71074688,.18283145,.12994689
5,OLIMPIC RIM,2021,FIRMAMENTO,/remates/venta-training-haras-firmamento-1/lotes,430902,REMOTE (GB),OLIMPICA CATCH,04nov2021,2,.7444098,.1718365,.12791677
51,ONDA CHIC,2011,LA PASIÓN,/remates/remate-de-yeguas-madres-firmamento-y-la-pasion/lotes,315849,EASING ALONG (USA),ONDINA,11aug2011,1,.72224385,.39322156,.28400186
24,ORIGINAL BOY,2023,SANTA MARÍA DE ARARAS,/remates/view/345,444247,DANIEL BOONE (BRZ),ORIGINALIDAD,19sep2023,2,.72935963,.17064112,.12445875
51,ORIUNDO DE ACA,2023,GRAN MUÑECA,/remates/view/343,445938,MADE YOU LOOK (USA),ORIUNDA INC,12sep2023,2,.78332484,.17356825,.13596033
48,ORTODOXA,2023,EL MALLÍN,/remates/copa-bullrich-abril-2/lotes,444081,SOVEREIGN (IRE),SANTISIMA,22jul2023,1,.71727568,.17553635,.12590796
20,OSTENTOSO,2023,SANTA MARÍA DE ARARAS,/remates/view/345,441765,DANIEL BOONE (BRZ),ORANGE AND GREEN,21jul2023,2,.66393191,.17535041,.11642073
24,OTIS BLUE,2023,SANTA INÉS,/remates/copa-bullrich-abril-2/lotes,445460,UNCLE CHUCK (USA),ORPEN MOON,29sep2023,2,.65342045,.12232418,.079929121
25,PALABRA SANTA,2023,VACACIÓN,/remates/view/342,447204,FULL MAST (USA),PRICE TAG,27oct2023,1,.57854652,.17887019,.10348473
23,PALCO DE HONOR,2023,EL CHAÑAR,/remates/copa-bullrich-abril-2/lotes,442215,DADDY LONG LEGS (USA),PALMA DE ORO,03aug2023,2,.68348652,.10489533,.071694545
5,PAMPLONNE,2023,VACACIÓN,/remates/view/342,443791,FORTIFY (USA),PLAGE,04sep2023,1,.59258384,.26799053,.15880686
34,PAULEY,2023,ABOLENGO,/remates/view/344,441688,DADDY LONG LEGS (USA),PAULETTE,09jul2023,2,.63342696,.16310374,.10331431
51,PAULO SIL,2023,ABOLENGO,/remates/view/344,442626,TREASURE BEACH (GB),PAULINE'S,13aug2023,2,.63074332,.12893473,.081324719
52,PERISTALTICA,2006,LA PASIÓN,/remates/remate-de-yeguas-madres-firmamento-y-la-pasion/lotes,270635,INTERPRETE,PEDIFORM (USA),18jul2006,1,.7465713,.26025084,.19429581
53,PERUGIA EMPER,2011,FIRMAMENTO,/remates/remate-de-yeguas-madres-firmamento-y-la-pasion/lotes,316762,EMPEROR JONES (USA),PERUGIA,01sep2011,1,.60328692,.24425671,.14735688
20,PINTON,2023,EL CHAÑAR,/remates/copa-bullrich-abril-2/lotes,445503,PNEUMATIC (USA),PIBA COMO VOS,02oct2023,2,.65370578,.10705747,.069984086
12,POKER STAR,2023,ABOLENGO,/remates/view/344,443481,COSMIC TRIGGER,POKER LADY,26aug2023,1,.48184189,.21585403,.10400751
54,POLACCA,2016,LA PASIÓN,/remates/remate-de-yeguas-madres-firmamento-y-la-pasion/lotes,361557,EASING ALONG (USA),PALPITACION,27sep2016,1,.7000019,.17379957,.12166003
55,PORRERA,2021,LA PASIÓN,/remates/remate-de-yeguas-madres-firmamento-y-la-pasion/lotes,427546,EQUAL STRIPES,FORTEZZA,25aug2021,1,.56411874,.13201003,.074469328
56,POTRI JAZZ (USA),2006,LA PASIÓN,/remates/remate-de-yeguas-madres-firmamento-y-la-pasion/lotes,286520,SMART STRIKE (CAN),JAZZ TRADITION (USA),13apr2006,1,.50011456,.31309223,.15658198
27,PUEBLO MIO,2023,ABOLENGO,/remates/view/344,443491,EQUAL STRIPES,PALI AIKE,30aug2023,2,.46310052,.10379454,.048067305
15,PUNCH BOY,2023,SANTA MARÍA DE ARARAS,/remates/view/345,444245,DANIEL BOONE (BRZ),PERSONAL DOT,19sep2023,2,.61819589,.23275681,.14388931
54,PUNTERA SIEMPRE,2023,ABOLENGO,/remates/view/344,442287,EQUAL STRIPES,PUNTERA RYE,29jul2023,1,.42483386,.13038036,.055389993
20,PURA LLUVIA,2023,GRAN MUÑECA,/remates/view/343,445951,GIDU (IRE),PURA GOTA KEY,30sep2023,1,.62090749,.13220181,.082085088
57,PUSSYCAT DOLL,2008,LA PASIÓN,/remates/remate-de-yeguas-madres-firmamento-y-la-pasion/lotes,287230,MUTAKDDIM (USA),THECATINTHESPAT (USA),02jul2008,1,.76514333,.33410707,.25563979
10,QUALICK,2023,SANTA MARÍA DE ARARAS,/remates/view/345,445910,DANIEL BOONE (BRZ),QUEEN KELLY,06oct2023,2,.65993237,.18028145,.11897356
5,QUANDO QUERO,2023,SANTA MARÍA DE ARARAS,/remates/view/345,447383,DANIEL BOONE (BRZ),QUINDICI (USA),18oct2023,2,.63170642,.25162593,.15895371
41,QUARTERBACK,2023,SANTA MARÍA DE ARARAS,/remates/view/345,443369,HIT IT A BOMB (USA),QUATRO FOLHAS,19aug2023,2,.76177913,.20761293,.1581552
11,QUARTZ MAN,2023,SANTA MARÍA DE ARARAS,/remates/view/345,445906,DANIEL BOONE (BRZ),QUEEN PLUM,03oct2023,2,.68047726,.17499766,.11908193
1,QUE FORTE,2023,SANTA MARÍA DE ARARAS,/remates/view/345,441769,FORTIFY (USA),QUE BELLA NOCHE,25jul2023,2,.65548831,.28460369,.18655439
26,QUE TANGACHO,2023,SANTA MARÍA DE ARARAS,/remates/view/345,445901,DANIEL BOONE (BRZ),QUE SEJA DOCE,30sep2023,2,.57031506,.11051363,.063027591
58,QUEEN SLAM,2007,FIRMAMENTO,/remates/remate-de-yeguas-madres-firmamento-y-la-pasion/lotes,280959,GRAND SLAM (USA),QUEEN WONDER,04sep2007,1,.68681657,.26921523,.18490148
8,QUEEN'S BANQUET,2023,SANTA MARÍA DE ARARAS,/remates/view/345,442758,DANIEL BOONE (BRZ),QUEEN DALILLA,28jul2023,1,.64640284,.2231818,.14426535
17,QUEMOSIS,2023,SANTA MARÍA DE ARARAS,/remates/view/345,444237,DANIEL BOONE (BRZ),QUICK SHE GO,08sep2023,1,.50168371,.12126309,.060835715
29,QUICK SMILE,2023,VACACIÓN,/remates/view/342,442102,FORTIFY (USA),QUISCA,04aug2023,1,.63661736,.20182835,.12848742
10,RACE TRACK,2023,VACACIÓN,/remates/view/342,447207,FORTIFY (USA),ROMAN LIBERTAS,01nov2023,2,.66644651,.27274945,.18177292
59,RAINERA,2019,LA PASIÓN,/remates/remate-de-yeguas-madres-firmamento-y-la-pasion/lotes,418312,BODEMEISTER (USA),RADICAL LADY,28oct2019,1,.66059554,.14824156,.097927719
60,RAVISHING LOVE,2011,LA PASIÓN,/remates/remate-de-yeguas-madres-firmamento-y-la-pasion/lotes,316795,LIZARD ISLAND (USA),RAHY'S DARLIN (USA),18sep2011,1,.79759121,.20120263,.16047744
34,RAY OF SUNLIGHT,2023,GRAN MUÑECA,/remates/view/343,446834,MADE YOU LOOK (USA),RING THE BELL,01aug2023,1,.64578986,.11353035,.073316745
17,REGU,2023,ABOLENGO,/remates/view/344,442935,PNEUMATIC (USA),REFINED WITH GLORY,19aug2023,2,.60169375,.20805129,.12518317
37,REINA MATIC,2023,EL ARROYO,/remates/copa-bullrich-abril-2/lotes,444033,PNEUMATIC (USA),JOY REA,11sep2023,1,.4994716,.069588803,.034757633
3,REMEMBER HIT,2021,FIRMAMENTO,/remates/venta-training-haras-firmamento-1/lotes,427563,HIT IT A BOMB (USA),HALO HOLIDAY,20aug2021,2,.83392078,.30791554,.25677717
38,RIKI,2023,LA LEYENDA,/remates/copa-bullrich-abril-2/lotes,445351,STORM EMBRUJADO,RED HOTSCAT'N (USA),13oct2023,1,.52609694,.15668309,.082430489
7,ROSICA,2023,ABOLENGO,/remates/view/344,445437,FORTIFY (USA),THE ROSY,11oct2023,1,.56800163,.30877116,.17538252
61,RUDD,2019,LA PASIÓN,/remates/remate-de-yeguas-madres-firmamento-y-la-pasion/lotes,414055,LIZARD ISLAND (USA),RESTRAIN (USA),15aug2019,1,.78704005,.25203606,.19836248
35,SABER DECIR,2023,VACACIÓN,/remates/view/342,444423,CITYSCAPE (GB),SKYMPY,20sep2023,1,.57329917,.21679997,.12429125
47,SABIO SER,2023,GRAN MUÑECA,/remates/view/343,445988,MADE YOU LOOK (USA),SOPHIE KEY,13oct2023,2,.77297497,.12085243,.093415901
50,SAINTE SCOLASTIQUE,2023,GRAN MUÑECA,/remates/view/343,445941,GIDU (IRE),SANTIFICADA (URU),19sep2023,1,.61115599,.12281653,.075060055
46,SAKURA TREE,2023,SANTA MARÍA DE ARARAS,/remates/view/345,447375,DANIEL BOONE (BRZ),SAY SARAH,13oct2023,1,.59141606,.15533105,.091865271
47,SAKURA'S MOON,2023,SANTA MARÍA DE ARARAS,/remates/view/345,445890,JAPAN (USA),SAVANNAH'S MOON,26sep2023,1,.48273304,.17454126,.084256835
9,SALVATTISTA,2023,SANTA MARÍA DE ARARAS,/remates/view/345,441763,DANIEL BOONE (BRZ),SALVA DI APPLAUSI,18jul2023,2,.64794183,.1596165,.10342221
13,SAM BUSHIDO,2023,ABOLENGO,/remates/view/344,445128,PNEUMATIC (USA),SAMBULLIDA,30sep2023,2,.61786956,.14152509,.087444045
37,SAMMI BOMB,2023,SANTA MARÍA DE ARARAS,/remates/view/345,443372,HIT IT A BOMB (USA),SANTA SABINA,04aug2023,1,.5253408,.14913759,.078348055
10,SARRACENO,2023,ABOLENGO,/remates/view/344,441695,DADDY LONG LEGS (USA),SERINE,14jul2023,2,.69865584,.27036756,.18889388
4,SAYUMI,2023,ABOLENGO,/remates/view/344,442934,PNEUMATIC (USA),SA TALAIA,19aug2023,1,.60786015,.2589291,.15739268
62,SCOOTALOO,2018,LA PASIÓN,/remates/remate-de-yeguas-madres-firmamento-y-la-pasion/lotes,410421,CATCHER IN THE RYE (IRE),STORMY NINGUNA,25oct2018,1,.65228623,.095433027,.062249649
8,SERBIO,2023,EL MALLÍN,/remates/copa-bullrich-abril-2/lotes,444084,SOVEREIGN (IRE),MISS SEITER,30jul2023,2,.76610821,.29573393,.2265642
45,SEVEN STARS,2023,SANTA MARÍA DE ARARAS,/remates/view/345,442760,HIT IT A BOMB (USA),SAFONA,03aug2023,1,.64424735,.22848138,.14719853
14,SHANI,2023,SANTA INÉS,/remates/copa-bullrich-abril-2/lotes,445031,GOUVERNEUR MORRIS (USA),SHERAH,16sep2023,1,.55010146,.082878791,.045591746
63,SHY SIMONA,2018,LA PASIÓN,/remates/remate-de-yeguas-madres-firmamento-y-la-pasion/lotes,406767,HURRICANE CAT (USA),SHY CANDELA,13aug2018,1,.72494388,.22368112,.16215625
22,SHYGALA,2023,VACACIÓN,/remates/view/342,441742,FORTIFY (USA),SKY WITH STARS,07jul2023,1,.6328131,.22830589,.14447495
41,SIEMPRE CONTENTA,2023,VACACIÓN,/remates/view/342,442672,HI HAPPY,SIEMPRE SONRIENTE,14aug2023,1,.63352448,.20043238,.12697881
43,SIEMPRE EN VENTA,2023,EL MALLÍN,/remates/copa-bullrich-abril-2/lotes,448234,SOVEREIGN (IRE),MARIAISNOTFORSALE,22sep2023,2,.59658152,.084879681,.050637648
10,SIETE LAGOS,2023,GRAN MUÑECA,/remates/view/343,446789,FULL MAST (USA),SUREÑA KEY,17oct2023,2,.81349963,.20350572,.16555183
49,SIMPLE DESEO,2023,VACACIÓN,/remates/view/342,441815,UNCLE CHUCK (USA),SIGGY,27jul2023,2,.70158112,.14638694,.10270231
18,SIN LIMITES,2023,ABOLENGO,/remates/view/344,441692,TREASURE BEACH (GB),SIN FRONTERAS,12jul2023,2,.60734171,.13938557,.084654666
24,SIN TU AMOR,2023,VACACIÓN,/remates/view/342,443813,FORTIFY (USA),STORMY VAGUENESS,27aug2023,2,.69235492,.28999156,.20077708
12,SIR LUIGI,2023,SANTA MARÍA DE ARARAS,/remates/view/345,443371,DANIEL BOONE (BRZ),SERENITY QUEEN,27aug2023,2,.76571053,.1475022,.11294398
11,SKYMOON,2023,GRAN MUÑECA,/remates/view/343,443599,MADE YOU LOOK (USA),SKYSS,27aug2023,2,.79357737,.16122727,.12794632
35,SLAVO,2023,EL ARROYO,/remates/copa-bullrich-abril-2/lotes,441637,SEÑOR CANDY (USA),SLOVENCA,20jul2023,2,.58494705,.05574372,.032607123
13,SOBERANO BOONE,2023,SANTA MARÍA DE ARARAS,/remates/view/345,447382,DANIEL BOONE (BRZ),SALZBURG QUEEN,17oct2023,2,.67550868,.13464835,.090956129
30,SOBERBIA NOCHE,2023,EL MALLÍN,/remates/copa-bullrich-abril-2/lotes,447007,SOVEREIGN (IRE),RED KNIGHT,15aug2023,1,.51179361,.14458939,.073999926
37,SOY ROMANTICO,2023,VACACIÓN,/remates/view/342,444422,FORTIFY (USA),SERENATA ROMANTICA,19sep2023,2,.63524479,.14658575,.093117833
47,SPRING CHARM,2023,VACACIÓN,/remates/view/342,441811,CITYSCAPE (GB),SPRING CLUB,25jul2023,1,.53227496,.21176286,.11271607
5,STADE DE FRANCE,2023,GRAN MUÑECA,/remates/view/343,445950,MADE YOU LOOK (USA),STORMY MECHA,27sep2023,2,.74277085,.19080822,.14172679
64,STARRY MISS,2009,FIRMAMENTO,/remates/remate-de-yeguas-madres-firmamento-y-la-pasion/lotes,300237,SOUTHERN HALO (USA),STAR BROWN,17sep2009,1,.66740775,.42423636,.28313863
7,STAY TUNE,2023,VACACIÓN,/remates/view/342,445616,FORTIFY (USA),STAY IN THE GLORY,22sep2023,2,.68920207,.21069415,.14521085
60,STOP THINKING,2023,ABOLENGO,/remates/view/344,442283,TREASURE BEACH (GB),STALKER GIRL,24jul2023,2,.59032792,.11346968,.066984318
41,STORMY BOY,2023,ABOLENGO,/remates/view/344,443489,PNEUMATIC (USA),STORMY CONVICTA,30aug2023,2,.63162881,.19272994,.12173378
54,STORMY UNCLE,2023,VACACIÓN,/remates/view/342,441812,UNCLE CHUCK (USA),STORMY CHISTOSA,26jul2023,2,.69692898,.19437379,.13546473
34,STORMY WEATHER,2023,VACACIÓN,/remates/view/342,441778,UNCLE CHUCK (USA),STORMY LUNAR,18jul2023,2,.71696681,.23367961,.16754052
45,SUMMER SEASON,2023,VACACIÓN,/remates/view/342,444427,CITYSCAPE (GB),SOPHISTIQUE,21sep2023,2,.63339901,.20589314,.13041252
27,SUSQUEÑA,2023,SANTA MARÍA DE ARARAS,/remates/view/345,441761,DANIEL BOONE (BRZ),SUBLIMACION,15jul2023,1,.52424985,.31733087,.16636066
11,SYNDRA,2023,VACACIÓN,/remates/view/342,443790,FORTIFY (USA),SAUDI GIRL,03sep2023,1,.63794118,.27322483,.17430137
65,TABA IS BACK (USA),2007,LA PASIÓN,/remates/remate-de-yeguas-madres-firmamento-y-la-pasion/lotes,286540,PULPIT (USA),TABA STAR (USA),19apr2007,1,.49486628,.30804092,.15243906
48,TABLIT,2023,SANTA MARÍA DE ARARAS,/remates/view/345,443373,HIT IT A BOMB (USA),TAIKA,05aug2023,1,.51252353,.15820748,.081085056
32,TAKE A NAP,2023,GRAN MUÑECA,/remates/view/343,447897,MADE YOU LOOK (USA),TREGURA,07nov2023,2,.72598213,.11522786,.083653368
35,TAKE ONE,2023,SANTA MARÍA DE ARARAS,/remates/view/345,447391,JAPAN (USA),TAKEN AWAY (BRZ),28oct2023,2,.58305055,.25334525,.14771309
17,TALK TO ME,2023,VACACIÓN,/remates/view/342,442105,FORTIFY (USA),TODA UNA SEÑORA,05aug2023,2,.73067766,.16906898,.12353493
66,TAN ALEGRE,2009,FIRMAMENTO,/remates/remate-de-yeguas-madres-firmamento-y-la-pasion/lotes,302544,SOUTHERN HALO (USA),ALEGRIA MIA,08oct2009,1,.68367994,.23372835,.15979539
51,TAN FELIZ,2023,VACACIÓN,/remates/view/342,446562,UNCLE CHUCK (USA),TRIGORIA,19oct2023,2,.61256057,.18368471,.11251801
9,TAREA DIFICIL,2023,VACACIÓN,/remates/view/342,441810,FORTIFY (USA),TRILOGIQUE,23jul2023,1,.63533461,.31535888,.20035841
8,TAREA FACIL,2023,VACACIÓN,/remates/view/342,443796,FORTIFY (USA),TEMIDA RYE,07sep2023,1,.6157524,.27098668,.1668607
48,TAREA SIMPLE,2023,VACACIÓN,/remates/view/342,444417,UNCLE CHUCK (USA),TAMARIU,17sep2023,1,.53518832,.15795718,.084536836
30,TATTO BLACK,2023,SANTA MARÍA DE ARARAS,/remates/view/345,441766,DANIEL BOONE (BRZ),TATTOUM,21jul2023,2,.70220351,.19329935,.13573548
32,TAX FREE,2023,VACACIÓN,/remates/view/342,444420,TREASURE BEACH (GB),TIMBERLINE,19sep2023,2,.64613283,.2306007,.14899868
36,TEAM VIOLET,2023,SANTA MARÍA DE ARARAS,/remates/view/345,444542,DANIEL BOONE (BRZ),TALK OF ANGELS,05sep2023,1,.63307065,.14061432,.089018799
39,TELEGRAM,2023,EL MALLÍN,/remates/copa-bullrich-abril-2/lotes,444085,SOVEREIGN (IRE),WHATSAPEAME,04aug2023,2,.68501979,.15501784,.10619029
32,TENAZ SOY,2023,ABOLENGO,/remates/view/344,442284,EQUAL STRIPES,TENACEA,24jul2023,1,.44152707,.12162059,.053698782
42,TENER RESPETO,2023,VACACIÓN,/remates/view/342,444416,CITYSCAPE (GB),TRASPARENZA,15sep2023,2,.49024001,.19176097,.0940089
8,THE GOLDEN DISK,2023,GRAN MUÑECA,/remates/view/343,443584,MADE YOU LOOK (USA),THE EDGE OF GLORY (BRZ),18jul2023,2,.81648433,.22976236,.18759736
67,THUNDER BAMBA,2007,FIRMAMENTO,/remates/remate-de-yeguas-madres-firmamento-y-la-pasion/lotes,282272,THUNDER GULCH (USA),BAMBA FITZ,24sep2007,1,.61578554,.36882803,.22711897
21,TIERNA MIRADA,2023,VACACIÓN,/remates/view/342,441783,FORTIFY (USA),THURMAN,21jul2023,1,.65399736,.20192854,.13206074
57,TIKTOKERA,2023,ABOLENGO,/remates/view/344,443619,PNEUMATIC (USA),TESALICA,28aug2023,1,.44665721,.12303132,.054952826
33,TINCHINIO,2023,EL MALLÍN,/remates/copa-bullrich-abril-2/lotes,445491,SOVEREIGN (IRE),TONINHA,29sep2023,2,.75036776,.20486063,.15372081
68,TINTA CHINA (USA),2009,LA PASIÓN,/remates/remate-de-yeguas-madres-firmamento-y-la-pasion/lotes,374284,ENGLISH CHANNEL (USA),TING A FOLIE,01mar2009,1,.58959681,.34352344,.20254032
1,TIZNOW FOREVER,2021,FIRMAMENTO,/remates/venta-training-haras-firmamento-1/lotes,432367,MIDSHIPMAN (USA),TIZ FOREVER (USA),20mar2021,2,.60229522,.14843982,.089404598
14,TOULOUSE,2023,SANTA MARÍA DE ARARAS,/remates/view/345,443370,DANIEL BOONE (BRZ),TATIE QUEEN,20aug2023,2,.69025558,.21840397,.15075456
29,TROVATORE,2023,SANTA MARÍA DE ARARAS,/remates/view/345,445905,DANIEL BOONE (BRZ),TRI BACANA (USA),02oct2023,2,.64208484,.19280241,.12379551
2,TRUCO GALLO,2023,SANTA MARÍA DE ARARAS,/remates/view/345,445896,FORTIFY (USA),TROPEADORA,27sep2023,2,.62510371,.31873876,.19924478
52,TRUMAN CAPOTE,2023,EL MALLÍN,/remates/copa-bullrich-abril-2/lotes,447000,NICHOLAS,GOLIGHTLY,17sep2023,2,.51405847,.071284771,.036644541
44,TU MISMA,2023,VACACIÓN,/remates/view/342,441776,UNCLE CHUCK (USA),TIMBORERA,16jul2023,1,.62550265,.15078665,.094317451
11,TWEEDY GUY,2023,SANTA INÉS,/remates/copa-bullrich-abril-2/lotes,442774,UNCLE CHUCK (USA),TWEEDY LADY,30jul2023,2,.64306408,.14515199,.093342029
9,UN RELAMPAGO,2023,EL CHAÑAR,/remates/copa-bullrich-abril-2/lotes,443831,TREASURE BEACH (GB),UNA DIOSA,27aug2023,2,.59323144,.13859704,.082220122
44,UNA BANDA,2023,EL MALLÍN,/remates/copa-bullrich-abril-2/lotes,447010,SOVEREIGN (IRE),UNA BOCHA,11oct2023,1,.67137396,.21851724,.14670679
39,UNICA PASION,2023,VACACIÓN,/remates/view/342,442181,CITYSCAPE (GB),UNA SEÑORA,06aug2023,1,.6298216,.20513964,.12920137
69,UNICA SANTA,2020,LA PASIÓN,/remates/remate-de-yeguas-madres-firmamento-y-la-pasion/lotes,420340,SANTILLANO,UNBRIDLED IDOL (USA),11aug2020,1,.74280483,.1662598,.12349858
33,UNNA GENIA,2023,ABOLENGO,/remates/view/344,442943,PNEUMATIC (USA),UCRANIAN GIRL,23aug2023,1,.5922128,.13675518,.080988169
31,VAE SOLI,2023,SANTA MARÍA DE ARARAS,/remates/view/345,447387,DANIEL BOONE (BRZ),VISION OF MOON,19oct2023,2,.62157607,.21253251,.13210513
42,VERTIGINOSO,2023,SANTA MARÍA DE ARARAS,/remates/view/345,447381,JAPAN (USA),VIVA LAS VEGAS,15oct2023,2,.61783636,.15716155,.097100116
70,VETTORA,2014,LA PASIÓN,/remates/remate-de-yeguas-madres-firmamento-y-la-pasion/lotes,343416,EQUAL STRIPES,STORMY VENTURADA,28aug2014,1,.66822958,.12214833,.08162313
6,VIL BOMB,2021,FIRMAMENTO,/remates/venta-training-haras-firmamento-1/lotes,430784,HIT IT A BOMB (USA),STORMY VIL,19oct2021,1,.71379006,.23925464,.17077759
71,VIVANTA (IRE),2011,LA PASIÓN,/remates/remate-de-yeguas-madres-firmamento-y-la-pasion/lotes,389592,INVINCIBLE SPIRIT (IRE),VADORGA,16apr2011,1,.24501556,.1826383,.044749226
28,VIVIR EN PAZ,2023,VACACIÓN,/remates/view/342,445453,FORTIFY (USA),VITOLIA,14sep2023,2,.73266321,.24743852,.18128911
72,VOLKOVA,2011,LA PASIÓN,/remates/remate-de-yeguas-madres-firmamento-y-la-pasion/lotes,315048,EASING ALONG (USA),VLYTAVA,22aug2011,1,.78727198,.27176648,.21395414
17,WATER WASTER,2023,GRAN MUÑECA,/remates/view/343,444011,MADE YOU LOOK (USA),WATER SAVER,20aug2023,2,.77807945,.18755507,.14593275
9,WELLINGTON CITY,2022,FIRMAMENTO,/remates/venta-training-haras-firmamento-1/lotes,436812,CITYSCAPE (GB),WELCOME CRAF,21sep2022,2,.65264183,.18985809,.12390933
41,WESTERN KEY,2023,GRAN MUÑECA,/remates/view/343,447892,MADE YOU LOOK (USA),WEEP KEY,31oct2023,1,.67346084,.15542415,.10467207
31,WILD COUGAR,2023,GRAN MUÑECA,/remates/view/343,444013,MADE YOU LOOK (USA),WILD KEY,19aug2023,1,.6326164,.12813528,.081060477
73,WONDERFUL HALO,2008,FIRMAMENTO,/remates/remate-de-yeguas-madres-firmamento-y-la-pasion/lotes,290532,SOUTHERN HALO (USA),MISS WONDERFUL,13sep2008,1,.71340758,.32475582,.23168325
29,WOODY MATIC,2023,EL ARROYO,/remates/copa-bullrich-abril-2/lotes,444027,PNEUMATIC (USA),WAVE PEDANT,18sep2023,2,.42683297,.069706142,.02975288
10,ACCIONADO BOY,,La Esperanza,remates/listado/101,442211,SUGGESTIVE BOY,ACCIONADORA,04aug2023,2,.61317658,.15763031,.096655212
29,ALZEHBA (USA),,Santa Inés,remates/listado/102,378641,ELUSIVE QUALITY (USA),AQAARID (USA),11feb2005,1,.44513008,.25422543,.11316339
9,ARISA,,Santa Inés,remates/listado/102,361310,ORPEN (USA),ASPEN DAYS,04sep2016,1,.55000788,.18234399,.10029063
23,ART ACADEMY,,Santa Inés,remates/listado/102,422639,PUERTO ESCONDIDO,ARTISTICA,03oct2020,1,.56767631,.088400729,.050182998
19,ASPEN ROSE,,Santa Inés,remates/listado/102,406834,JOHN F KENNEDY (IRE),ASPEN DAYS,05aug2018,1,.62522197,.2071353,.12950554
3,BALANTRIA,,Santa Inés,remates/listado/102,421703,HURRICANE CAT (USA),BASKA HERMOSA,24aug2020,1,.59011918,.18491091,.10911947
25,BASKA HERMOSA,,Santa Inés,remates/listado/102,266484,ENGRILLADO,DARK BEAUTY,24sep2005,1,.54281718,.14660883,.07958179
10,BASKA LINDA,,Santa Inés,remates/listado/102,410451,EQUAL STRIPES,BASKA HERMOSA,11oct2018,1,.46852744,.13717137,.064268552
12,CASSIA ANTICA,,Santa Inés,remates/listado/102,407284,CATCHER IN THE RYE (IRE),COSTA MAYA,17aug2018,1,.57022804,.13615334,.077638455
1,EARLY TRIGGER,,La Esperanza,remates/listado/101,443768,COSMIC TRIGGER,EARLY START,30aug2023,2,.58829397,.11980664,.070481524
16,EJECUTORA,,La Esperanza,remates/listado/101,445788,FORGE (GB),ESPECULADORA,03oct2023,1,.60444129,.078016192,.047156207
9,EL GUIONISTA,,La Esperanza,remates/listado/101,443767,CITYSCAPE (GB),ENMENDADORA,24aug2023,2,.65437019,.13627583,.089174837
7,ELEVADISIMO,,La Esperanza,remates/listado/101,442209,SUGGESTIVE BOY,ELEGANTE PRINCESA,26jul2023,2,.5725013,.13194665,.075539634
2,ENUNCIATIVA,,Santa Inés,remates/listado/102,415775,FORTIFY (USA),ENUNCIADA,02sep2019,1,.61797428,.15044713,.092972457
11,EPIK GIRL,,La Esperanza,remates/listado/101,442212,SUGGESTIVE BOY,EPIKA,08aug2023,1,.48712119,.13625711,.066373728
6,ESLOVENIA,,Santa Inés,remates/listado/102,416283,HURRICANE CAT (USA),ANNABELLE (USA),12sep2019,1,.59559488,.10382651,.061838537
4,ESTRUENDO,,La Esperanza,remates/listado/101,442210,TREASURE BEACH (GB),ESTIMADORA,01aug2023,2,.68733037,.12408786,.085289359
22,FIDENZA,,Santa Inés,remates/listado/102,431544,PUERTO ESCONDIDO,POLOMA (USA),21oct2021,1,.62045753,.14416564,.089448653
13,FOR MY LADY,,Santa Inés,remates/listado/102,344592,CATCHER IN THE RYE (IRE),FOREVER INDY (USA),13sep2014,1,.46959275,.10720637,.050343331
20,HALLOWEEN NIGHT,,Santa Inés,remates/listado/102,326590,JUMP START (USA),HALLOWEEN DANCE (USA),11sep2012,1,.64988077,.16024782,.10414197
18,ICE STAR,,La Esperanza,remates/listado/101,445795,NICHOLAS,ICY GIRL,16oct2023,2,.54924244,.062044892,.034077689
8,IN YOUR MIND,,La Esperanza,remates/listado/101,445793,PNEUMATIC (USA),INDIA DEL NORTE,11oct2023,2,.6405409,.084061734,.053844977
11,JOYA GAUCHA,,Santa Inés,remates/listado/102,347989,EXCHANGE RATE (USA),JOYA SURERA,19oct2014,1,.62948108,.18738241,.11795369
16,KATALIN,,Santa Inés,remates/listado/102,427184,IL CAMPIONE (CHI),KATY ROSE,06jul2021,1,.71232015,.19056875,.13574596
30,LA COMPADRADA,,Santa Inés,remates/listado/102,258514,POTRILLON,LA PORTEÑA,01oct2004,1,.51821649,.11318397,.058653798
14,LA REPRISE,,Santa Inés,remates/listado/102,400729,ORPEN (USA),LA COMPADRADA,21sep2017,1,.62242913,.23234293,.14461701
18,LARIANA,,Santa Inés,remates/listado/102,360382,EXCHANGE RATE (USA),LUNA LIBRE,24aug2016,1,.54597229,.20048274,.10945802
6,LATERAL SCAPE,,La Esperanza,remates/listado/101,445789,CITYSCAPE (GB),LA VENTURANZA,06oct2023,2,.67362207,.12638158,.085133418
13,LICITADOR,,La Esperanza,remates/listado/101,443780,FORGE (GB),LITURGIA ASIATICA,24sep2023,2,.67330784,.075044706,.050528187
5,LITIGADA,,La Esperanza,remates/listado/101,445790,SEÑOR CANDY (USA),LUMINOSA ES,11oct2023,1,.6082713,.080333926,.048864823
27,MAGNETIC FILLY,,Santa Inés,remates/listado/102,267984,ORPEN (USA),MELCA,09nov2005,1,.55830926,.12836502,.071667381
15,MARINA BEACH,,Santa Inés,remates/listado/102,422346,HI HAPPY,MARINA AZUL,28sep2020,1,.49973592,.10203657,.050991338
24,MERHAVIA,,Santa Inés,remates/listado/102,423206,PUERTO ESCONDIDO,MACAMBARA,01aug2020,1,.48163673,.087155007,.041977052
4,MISS ALLURE,,Santa Inés,remates/listado/102,405985,EQUAL STRIPES,MISS CHIC,17jul2018,1,.57964104,.14623719,.084765077
5,QUEEN ARETHA,,Santa Inés,remates/listado/102,414217,IL CAMPIONE (CHI),QUEEN HALO,26jul2019,1,.70682842,.25626147,.18113288
7,QUEEN DARIA,,Santa Inés,remates/listado/102,413949,IL CAMPIONE (CHI),QUEEN DORIA,25jul2019,1,.68782473,.11822417,.081317507
8,QUEEN HAYFA,,Santa Inés,remates/listado/102,419269,EQUAL STRIPES,QUEEN NOOR,17nov2019,1,.45194697,.066921927,.030245163
28,QUEEN NOOR,,Santa Inés,remates/listado/102,276931,SOUTHERN HALO (USA),QUENDOM,26oct2006,1,.53151286,.15361032,.081645861
15,SAHARAN STAR,,La Esperanza,remates/listado/101,442214,LUCULLAN (USA),SAHARAN LADY,14aug2023,2,.64919424,.16209188,.10522912
12,SANSA,,La Esperanza,remates/listado/101,443770,NICHOLAS,SASSY DUBAI,08sep2023,1,.53738165,.092758119,.049846511
3,SARAGOSSA CANDY,,La Esperanza,remates/listado/101,442216,SEÑOR CANDY (USA),SARAGOSSA,16aug2023,1,.60928369,.13313389,.081116304
17,SHERAH,,Santa Inés,remates/listado/102,363190,EXCHANGE RATE (USA),SIFRA,30sep2016,1,.66785622,.25829902,.17250662
21,SIBERIAN ROSE,,Santa Inés,remates/listado/102,306506,EXCHANGE RATE (USA),SIBERINA,05aug2010,1,.560974,.18086094,.10145828
26,SIFRA,,Santa Inés,remates/listado/102,277380,SOUTHERN HALO (USA),MY PALESTINA,20oct2006,1,.68265921,.29499403,.20138039
17,SOUND LADY,,La Esperanza,remates/listado/101,443381,NICHOLAS,SAGADORA,15aug2023,1,.48900655,.093422279,.045684107
2,SOÑADORA CANDY,,La Esperanza,remates/listado/101,443769,SEÑOR CANDY (USA),SANAMIA,04sep2023,1,.52872688,.240475,.12714559
14,SPICY LADY,,La Esperanza,remates/listado/101,443379,NICHOLAS,SPICE LADY,20jul2023,1,.52814168,.11339024,.059886109
1,TWEEDIA,,Santa Inés,remates/listado/102,423662,FORTIFY (USA),TWILA,27aug2020,1,.67155409,.13864182,.09310548
