name,studbook_id,padrillo,M,birth_eday,sex,PR,PS,PRS,lote,haras,Link,Remate,Start,End,Source,link
ACCIONADO BOY,442211,SUGGESTIVE BOY,ACCIONADORA,04aug2023,Male,0.61514914,0.069339961,0.042654417,10,La Esperanza,remates/listado/101,Gran Venta Haras La Esperanza,01-04-2025,01-04-2025,fallowremates,https://www.fallowremates.com/plataforma-remates/clientes/remates/listado/101
ALZEHBA (USA),378641,ELUSIVE QUALITY (USA),AQAARID (USA),11feb2005,Female,0.45703974,0.071383357,0.032625031,29,Santa Ines,remates/listado/102,Gran Venta Anual Haras Santa Ines,25-03-2025,25-03-2025,fallowremates,https://www.fallowremates.com/plataforma-remates/clientes/remates/listado/102
ARISA,361310,ORPEN (USA),ASPEN DAYS,04sep2016,Female,0.54918647,0.057519361,0.031588856,9,Santa Ines,remates/listado/102,Gran Venta Anual Haras Santa Ines,25-03-2025,25-03-2025,fallowremates,https://www.fallowremates.com/plataforma-remates/clientes/remates/listado/102
ART ACADEMY,422639,PUERTO ESCONDIDO,ARTISTICA,03oct2020,Female,0.57151127,0.068280347,0.039022986,23,Santa Ines,remates/listado/102,Gran Venta Anual Haras Santa Ines,25-03-2025,25-03-2025,fallowremates,https://www.fallowremates.com/plataforma-remates/clientes/remates/listado/102
ASPEN ROSE,406834,JOHN F KENNEDY (IRE),ASPEN DAYS,05aug2018,Female,0.64904004,0.088705078,0.057573147,19,Santa Ines,remates/listado/102,Gran Venta Anual Haras Santa Ines,25-03-2025,25-03-2025,fallowremates,https://www.fallowremates.com/plataforma-remates/clientes/remates/listado/102
BALANTRIA,421703,HURRICANE CAT (USA),BASKA HERMOSA,24aug2020,Female,0.58849645,0.041821044,0.024611536,3,Santa Ines,remates/listado/102,Gran Venta Anual Haras Santa Ines,25-03-2025,25-03-2025,fallowremates,https://www.fallowremates.com/plataforma-remates/clientes/remates/listado/102
BASKA HERMOSA,266484,ENGRILLADO,DARK BEAUTY,24sep2005,Female,0.54794079,0.028911134,0.01584159,25,Santa Ines,remates/listado/102,Gran Venta Anual Haras Santa Ines,25-03-2025,25-03-2025,fallowremates,https://www.fallowremates.com/plataforma-remates/clientes/remates/listado/102
BASKA LINDA,410451,EQUAL STRIPES,BASKA HERMOSA,11oct2018,Female,0.46653545,0.032040186,0.014947883,10,Santa Ines,remates/listado/102,Gran Venta Anual Haras Santa Ines,25-03-2025,25-03-2025,fallowremates,https://www.fallowremates.com/plataforma-remates/clientes/remates/listado/102
CASSIA ANTICA,407284,CATCHER IN THE RYE (IRE),COSTA MAYA,17aug2018,Female,0.57417625,0.038610104,0.022169005,12,Santa Ines,remates/listado/102,Gran Venta Anual Haras Santa Ines,25-03-2025,25-03-2025,fallowremates,https://www.fallowremates.com/plataforma-remates/clientes/remates/listado/102
EARLY TRIGGER,443768,COSMIC TRIGGER,EARLY START,30aug2023,Male,0.58646029,0.035063323,0.020563247,1,La Esperanza,remates/listado/101,Gran Venta Haras La Esperanza,01-04-2025,01-04-2025,fallowremates,https://www.fallowremates.com/plataforma-remates/clientes/remates/listado/101
EJECUTORA,445788,FORGE (GB),ESPECULADORA,03oct2023,Female,0.58617669,0.028671011,0.016806278,16,La Esperanza,remates/listado/101,Gran Venta Haras La Esperanza,01-04-2025,01-04-2025,fallowremates,https://www.fallowremates.com/plataforma-remates/clientes/remates/listado/101
EL GUIONISTA,443767,CITYSCAPE (GB),ENMENDADORA,24aug2023,Male,0.6610043,0.062139258,0.041074317,9,La Esperanza,remates/listado/101,Gran Venta Haras La Esperanza,01-04-2025,01-04-2025,fallowremates,https://www.fallowremates.com/plataforma-remates/clientes/remates/listado/101
ELEVADISIMO,442209,SUGGESTIVE BOY,ELEGANTE PRINCESA,26jul2023,Male,0.5738228,0.060945649,0.034972001,7,La Esperanza,remates/listado/101,Gran Venta Haras La Esperanza,01-04-2025,01-04-2025,fallowremates,https://www.fallowremates.com/plataforma-remates/clientes/remates/listado/101
ENUNCIATIVA,415775,FORTIFY (USA),ENUNCIADA,02sep2019,Female,0.60987908,0.037519898,0.022882601,2,Santa Ines,remates/listado/102,Gran Venta Anual Haras Santa Ines,25-03-2025,25-03-2025,fallowremates,https://www.fallowremates.com/plataforma-remates/clientes/remates/listado/102
EPIK GIRL,442212,SUGGESTIVE BOY,EPIKA,08aug2023,Female,0.4886938,0.035383292,0.017291596,11,La Esperanza,remates/listado/101,Gran Venta Haras La Esperanza,01-04-2025,01-04-2025,fallowremates,https://www.fallowremates.com/plataforma-remates/clientes/remates/listado/101
ESLOVENIA,416283,HURRICANE CAT (USA),ANNABELLE (USA),12sep2019,Female,0.59727323,0.042294461,0.02526135,6,Santa Ines,remates/listado/102,Gran Venta Anual Haras Santa Ines,25-03-2025,25-03-2025,fallowremates,https://www.fallowremates.com/plataforma-remates/clientes/remates/listado/102
ESTRUENDO,442210,TREASURE BEACH (GB),ESTIMADORA,01aug2023,Male,0.68540055,0.050060179,0.034311272,4,La Esperanza,remates/listado/101,Gran Venta Haras La Esperanza,01-04-2025,01-04-2025,fallowremates,https://www.fallowremates.com/plataforma-remates/clientes/remates/listado/101
FIDENZA,431544,PUERTO ESCONDIDO,POLOMA (USA),21oct2021,Female,0.57006031,0.040557891,0.023120444,22,Santa Ines,remates/listado/102,Gran Venta Anual Haras Santa Ines,25-03-2025,25-03-2025,fallowremates,https://www.fallowremates.com/plataforma-remates/clientes/remates/listado/102
FOR MY LADY,344592,CATCHER IN THE RYE (IRE),FOREVER INDY (USA),13sep2014,Female,0.47450051,0.03251037,0.015426187,13,Santa Ines,remates/listado/102,Gran Venta Anual Haras Santa Ines,25-03-2025,25-03-2025,fallowremates,https://www.fallowremates.com/plataforma-remates/clientes/remates/listado/102
HALLOWEEN NIGHT,326590,JUMP START (USA),HALLOWEEN DANCE (USA),11sep2012,Female,0.64612931,0.096205123,0.06216095,20,Santa Ines,remates/listado/102,Gran Venta Anual Haras Santa Ines,25-03-2025,25-03-2025,fallowremates,https://www.fallowremates.com/plataforma-remates/clientes/remates/listado/102
ICE STAR,445795,NICHOLAS,ICY GIRL,16oct2023,Male,0.5700838,0.032093059,0.018295733,18,La Esperanza,remates/listado/101,Gran Venta Haras La Esperanza,01-04-2025,01-04-2025,fallowremates,https://www.fallowremates.com/plataforma-remates/clientes/remates/listado/101
IN YOUR MIND,445793,PNEUMATIC (USA),INDIA DEL NORTE,11oct2023,Male,0.66693348,0.032518514,0.021687685,8,La Esperanza,remates/listado/101,Gran Venta Haras La Esperanza,01-04-2025,01-04-2025,fallowremates,https://www.fallowremates.com/plataforma-remates/clientes/remates/listado/101
JOYA GAUCHA,347989,EXCHANGE RATE (USA),JOYA SURERA,19oct2014,Female,0.62647074,0.033190813,0.020793073,11,Santa Ines,remates/listado/102,Gran Venta Anual Haras Santa Ines,25-03-2025,25-03-2025,fallowremates,https://www.fallowremates.com/plataforma-remates/clientes/remates/listado/102
KATALIN,427184,IL CAMPIONE (CHI),KATY ROSE,06jul2021,Female,0.70540267,0.075869367,0.053518455,16,Santa Ines,remates/listado/102,Gran Venta Anual Haras Santa Ines,25-03-2025,25-03-2025,fallowremates,https://www.fallowremates.com/plataforma-remates/clientes/remates/listado/102
LA COMPADRADA,258514,POTRILLON,LA PORTEÑA,01oct2004,Female,0.51907068,0.015102793,0.0078394171,30,Santa Ines,remates/listado/102,Gran Venta Anual Haras Santa Ines,25-03-2025,25-03-2025,fallowremates,https://www.fallowremates.com/plataforma-remates/clientes/remates/listado/102
LA REPRISE,400729,ORPEN (USA),LA COMPADRADA,21sep2017,Female,0.62227333,0.069722347,0.043386355,14,Santa Ines,remates/listado/102,Gran Venta Anual Haras Santa Ines,25-03-2025,25-03-2025,fallowremates,https://www.fallowremates.com/plataforma-remates/clientes/remates/listado/102
LARIANA,360382,EXCHANGE RATE (USA),LUNA LIBRE,24aug2016,Female,0.54320472,0.054521091,0.029616114,18,Santa Ines,remates/listado/102,Gran Venta Anual Haras Santa Ines,25-03-2025,25-03-2025,fallowremates,https://www.fallowremates.com/plataforma-remates/clientes/remates/listado/102
LATERAL SCAPE,445789,CITYSCAPE (GB),LA VENTURANZA,06oct2023,Male,0.67834616,0.055170383,0.037424617,6,La Esperanza,remates/listado/101,Gran Venta Haras La Esperanza,01-04-2025,01-04-2025,fallowremates,https://www.fallowremates.com/plataforma-remates/clientes/remates/listado/101
LICITADOR,443780,FORGE (GB),LITURGIA ASIATICA,24sep2023,Male,0.66028166,0.023118813,0.015264928,13,La Esperanza,remates/listado/101,Gran Venta Haras La Esperanza,01-04-2025,01-04-2025,fallowremates,https://www.fallowremates.com/plataforma-remates/clientes/remates/listado/101
LITIGADA,445790,SEÑOR CANDY (USA),LUMINOSA ES,11oct2023,Female,0.60472059,0.027930912,0.016890397,5,La Esperanza,remates/listado/101,Gran Venta Haras La Esperanza,01-04-2025,01-04-2025,fallowremates,https://www.fallowremates.com/plataforma-remates/clientes/remates/listado/101
MAGNETIC FILLY,267984,ORPEN (USA),MELCA,09nov2005,Female,0.53623116,0.028827652,0.015458286,27,Santa Ines,remates/listado/102,Gran Venta Anual Haras Santa Ines,25-03-2025,25-03-2025,fallowremates,https://www.fallowremates.com/plataforma-remates/clientes/remates/listado/102
MARINA BEACH,422346,HI HAPPY,MARINA AZUL,28sep2020,Female,0.50373632,0.067662016,0.034083813,15,Santa Ines,remates/listado/102,Gran Venta Anual Haras Santa Ines,25-03-2025,25-03-2025,fallowremates,https://www.fallowremates.com/plataforma-remates/clientes/remates/listado/102
MERHAVIA,423206,PUERTO ESCONDIDO,MACAMBARA,01aug2020,Female,0.47192082,0.049225852,0.023230704,24,Santa Ines,remates/listado/102,Gran Venta Anual Haras Santa Ines,25-03-2025,25-03-2025,fallowremates,https://www.fallowremates.com/plataforma-remates/clientes/remates/listado/102
MISS ALLURE,405985,EQUAL STRIPES,MISS CHIC,17jul2018,Female,0.57891965,0.035688549,0.020660803,4,Santa Ines,remates/listado/102,Gran Venta Anual Haras Santa Ines,25-03-2025,25-03-2025,fallowremates,https://www.fallowremates.com/plataforma-remates/clientes/remates/listado/102
QUEEN ARETHA,414217,IL CAMPIONE (CHI),QUEEN HALO,26jul2019,Female,0.6799258,0.060816672,0.041350823,5,Santa Ines,remates/listado/102,Gran Venta Anual Haras Santa Ines,25-03-2025,25-03-2025,fallowremates,https://www.fallowremates.com/plataforma-remates/clientes/remates/listado/102
QUEEN DARIA,413949,IL CAMPIONE (CHI),QUEEN DORIA,25jul2019,Female,0.67755145,0.043610841,0.029548589,7,Santa Ines,remates/listado/102,Gran Venta Anual Haras Santa Ines,25-03-2025,25-03-2025,fallowremates,https://www.fallowremates.com/plataforma-remates/clientes/remates/listado/102
QUEEN HAYFA,419269,EQUAL STRIPES,QUEEN NOOR,17nov2019,Female,0.45092535,0.013909416,0.0062721083,8,Santa Ines,remates/listado/102,Gran Venta Anual Haras Santa Ines,25-03-2025,25-03-2025,fallowremates,https://www.fallowremates.com/plataforma-remates/clientes/remates/listado/102
QUEEN NOOR,276931,SOUTHERN HALO (USA),QUENDOM,26oct2006,Female,0.53074068,0.054779883,0.029073913,28,Santa Ines,remates/listado/102,Gran Venta Anual Haras Santa Ines,25-03-2025,25-03-2025,fallowremates,https://www.fallowremates.com/plataforma-remates/clientes/remates/listado/102
SAHARAN STAR,442214,LUCULLAN (USA),SAHARAN LADY,14aug2023,Male,0.61818236,0.05018241,0.03102188,15,La Esperanza,remates/listado/101,Gran Venta Haras La Esperanza,01-04-2025,01-04-2025,fallowremates,https://www.fallowremates.com/plataforma-remates/clientes/remates/listado/101
SANSA,443770,NICHOLAS,SASSY DUBAI,08sep2023,Female,0.55810219,0.054731611,0.030545833,12,La Esperanza,remates/listado/101,Gran Venta Haras La Esperanza,01-04-2025,01-04-2025,fallowremates,https://www.fallowremates.com/plataforma-remates/clientes/remates/listado/101
SARAGOSSA CANDY,442216,SEÑOR CANDY (USA),SARAGOSSA,16aug2023,Female,0.60708952,0.054829691,0.033286531,3,La Esperanza,remates/listado/101,Gran Venta Haras La Esperanza,01-04-2025,01-04-2025,fallowremates,https://www.fallowremates.com/plataforma-remates/clientes/remates/listado/101
SHERAH,363190,EXCHANGE RATE (USA),SIFRA,30sep2016,Female,0.66738117,0.048327181,0.032252651,17,Santa Ines,remates/listado/102,Gran Venta Anual Haras Santa Ines,25-03-2025,25-03-2025,fallowremates,https://www.fallowremates.com/plataforma-remates/clientes/remates/listado/102
SIBERIAN ROSE,306506,EXCHANGE RATE (USA),SIBERINA,05aug2010,Female,0.56474853,0.05672361,0.032034576,21,Santa Ines,remates/listado/102,Gran Venta Anual Haras Santa Ines,25-03-2025,25-03-2025,fallowremates,https://www.fallowremates.com/plataforma-remates/clientes/remates/listado/102
SIFRA,277380,SOUTHERN HALO (USA),MY PALESTINA,20oct2006,Female,0.68668115,0.063002497,0.043262627,26,Santa Ines,remates/listado/102,Gran Venta Anual Haras Santa Ines,25-03-2025,25-03-2025,fallowremates,https://www.fallowremates.com/plataforma-remates/clientes/remates/listado/102
SOUND LADY,443381,NICHOLAS,SAGADORA,15aug2023,Female,0.50990111,0.034140486,0.017408272,17,La Esperanza,remates/listado/101,Gran Venta Haras La Esperanza,01-04-2025,01-04-2025,fallowremates,https://www.fallowremates.com/plataforma-remates/clientes/remates/listado/101
SOÑADORA CANDY,443769,SEÑOR CANDY (USA),SANAMIA,04sep2023,Female,0.52502733,0.067801572,0.035597678,2,La Esperanza,remates/listado/101,Gran Venta Haras La Esperanza,01-04-2025,01-04-2025,fallowremates,https://www.fallowremates.com/plataforma-remates/clientes/remates/listado/101
SPICY LADY,443379,NICHOLAS,SPICE LADY,20jul2023,Female,0.54916561,0.044820216,0.024613721,14,La Esperanza,remates/listado/101,Gran Venta Haras La Esperanza,01-04-2025,01-04-2025,fallowremates,https://www.fallowremates.com/plataforma-remates/clientes/remates/listado/101
TWEEDIA,423662,FORTIFY (USA),TWILA,27aug2020,Female,0.66965473,0.043577321,0.02918176,1,Santa Ines,remates/listado/102,Gran Venta Anual Haras Santa Ines,25-03-2025,25-03-2025,fallowremates,https://www.fallowremates.com/plataforma-remates/clientes/remates/listado/102
A HI DAY,441697,HI HAPPY,ASPEN DAYS,15jul2023,Female,0.5319854,0.13808057,0.073456846,53,ABOLENGO,/remates/view/344,Haras ABOLENGO,06-04-2025,08-04-2025,argsales,https://arg-sales.com//remates/view/344
ABRAZADORA,447011,SOVEREIGN (IRE),ABIDE (FR),08oct2023,Female,0.69052875,0.044410069,0.03066643,47,EL MALLIN,/remates/copa-bullrich-abril-14h/lotes,COPA BULLRICH ABRIL . 14h,10/04/2025,10/04/2025,bullrich,https://antoniobullrich.com//remates/copa-bullrich-abril-14h/lotes
AKI,445321,CIMA DE TRIOMPHE (IRE),ACCESS CODE (USA),20oct2023,Male,0.65398109,0.095248975,0.06229103,34,EL MALLIN,/remates/copa-bullrich-abril-14h/lotes,COPA BULLRICH ABRIL . 14h,10/04/2025,10/04/2025,bullrich,https://antoniobullrich.com//remates/copa-bullrich-abril-14h/lotes
ALDEA BOMB,413415,HIT IT A BOMB (USA),ALDEA NISTEL,17jul2019,Female,0.70504695,0.18744631,0.13215844,1,FIRMAMENTO,/remates/remate-de-yeguas-madres-firmamento-y-la-pasion-14h/lotes,REMATE DE YEGUAS MADRES - FIRMAMENTO Y LA PASION . 14h,27/03/2025,27/03/2025,bullrich,https://antoniobullrich.com//remates/remate-de-yeguas-madres-firmamento-y-la-pasion-14h/lotes
ALGO DIFERENTE,442099,FORTIFY (USA),ALBERETA,04aug2023,Male,0.66327459,0.13852122,0.091877609,16,VACACION,/remates/view/342,Haras VACACION,26-03-2025,29-03-2025,argsales,https://arg-sales.com//remates/view/342
AMIGA VERDADERA,446560,FULL MAST (USA),AMIGA DEL CORAZON,12oct2023,Female,0.61822116,0.090471402,0.055931333,30,VACACION,/remates/view/342,Haras VACACION,26-03-2025,29-03-2025,argsales,https://arg-sales.com//remates/view/342
ANTOLINA,441601,REMOTE (GB),AMOR DE VERDAD,10jul2023,Female,0.532915,0.061155587,0.032590728,57,VACACION,/remates/view/342,Haras VACACION,26-03-2025,29-03-2025,argsales,https://arg-sales.com//remates/view/342
ARDE LA CIUDAD,327096,STORMY ATLANTIC (USA),ARDE TROYA,01oct2012,Female,0.5548088,0.065281712,0.036218867,2,LA PASION,/remates/remate-de-yeguas-madres-firmamento-y-la-pasion-14h/lotes,REMATE DE YEGUAS MADRES - FIRMAMENTO Y LA PASION . 14h,27/03/2025,27/03/2025,bullrich,https://antoniobullrich.com//remates/remate-de-yeguas-madres-firmamento-y-la-pasion-14h/lotes
ARTIGLIARI,408644,EASING ALONG (USA),AFRIKANA,27sep2018,Female,0.53965807,0.047295138,0.025523202,3,LA PASION,/remates/remate-de-yeguas-madres-firmamento-y-la-pasion-14h/lotes,REMATE DE YEGUAS MADRES - FIRMAMENTO Y LA PASION . 14h,27/03/2025,27/03/2025,bullrich,https://antoniobullrich.com//remates/remate-de-yeguas-madres-firmamento-y-la-pasion-14h/lotes
ARZABAL,441837,FORTIFY (USA),AYRA,30jul2023,Male,0.6532132,0.18587366,0.12141513,4,VACACION,/remates/view/342,Haras VACACION,26-03-2025,29-03-2025,argsales,https://arg-sales.com//remates/view/342
ASPERO,445493,NICHOLAS,RISPIDA,25sep2023,Male,0.54160851,0.031159081,0.016876023,50,EL MALLIN,/remates/copa-bullrich-abril-14h/lotes,COPA BULLRICH ABRIL . 14h,10/04/2025,10/04/2025,bullrich,https://antoniobullrich.com//remates/copa-bullrich-abril-14h/lotes
ASTRONOMIST,445908,DANIEL BOONE (BRZ),AT THE MAIL,03oct2023,Female,0.57199776,0.060698334,0.034719311,16,SANTA MARIA DE ARARAS,/remates/view/345,Haras SANTA MARIA DE ARARAS,10-04-2025,13-04-2025,argsales,https://arg-sales.com//remates/view/345
BAD BOY,444414,TREASURE BEACH (GB),BARAHONA,15sep2023,Male,0.67013937,0.055527046,0.037210859,38,VACACION,/remates/view/342,Haras VACACION,26-03-2025,29-03-2025,argsales,https://arg-sales.com//remates/view/342
BAMBI BEACH,443918,TREASURE BEACH (GB),BAMBI MIA,09sep2023,Female,0.38393795,0.028353907,0.010886141,56,ABOLENGO,/remates/view/344,Haras ABOLENGO,06-04-2025,08-04-2025,argsales,https://arg-sales.com//remates/view/344
BARBARA GIRL,445123,COSMIC TRIGGER,BARCELONA GIRL,03oct2023,Female,0.41779855,0.027810136,0.011619034,58,ABOLENGO,/remates/view/344,Haras ABOLENGO,06-04-2025,08-04-2025,argsales,https://arg-sales.com//remates/view/344
BARBIE MARGOT,441693,PNEUMATIC (USA),BARBIE GIRL,12jul2023,Female,0.58576387,0.10378156,0.060791489,19,ABOLENGO,/remates/view/344,Haras ABOLENGO,06-04-2025,08-04-2025,argsales,https://arg-sales.com//remates/view/344
BEAUTIFUL MIND,444094,IL MERCATO,ROMAN HOLIDAY,03sep2023,Male,0.73386717,0.049555324,0.036367025,51,EL MALLIN,/remates/copa-bullrich-abril-14h/lotes,COPA BULLRICH ABRIL . 14h,10/04/2025,10/04/2025,bullrich,https://antoniobullrich.com//remates/copa-bullrich-abril-14h/lotes
BESUQUEIRA,323557,ZENSATIONAL (USA),STORMY BEAM,02jul2012,Female,0.65147555,0.058654394,0.038211904,4,LA PASION,/remates/remate-de-yeguas-madres-firmamento-y-la-pasion-14h/lotes,REMATE DE YEGUAS MADRES - FIRMAMENTO Y LA PASION . 14h,27/03/2025,27/03/2025,bullrich,https://antoniobullrich.com//remates/remate-de-yeguas-madres-firmamento-y-la-pasion-14h/lotes
BLACK BOY,441694,DADDY LONG LEGS (USA),BLACK SILKS,13jul2023,Male,0.67452168,0.086327203,0.058229569,45,ABOLENGO,/remates/view/344,Haras ABOLENGO,06-04-2025,08-04-2025,argsales,https://arg-sales.com//remates/view/344
BOBBY CHARLTON,448233,NICHOLAS,DIXIE MANIA,20sep2023,Male,0.52701652,0.015776796,0.0083146319,45,EL MALLIN,/remates/copa-bullrich-abril-14h/lotes,COPA BULLRICH ABRIL . 14h,10/04/2025,10/04/2025,bullrich,https://antoniobullrich.com//remates/copa-bullrich-abril-14h/lotes
BOHEMIA KISS,447376,DANIEL BOONE (BRZ),BUTTERFLY KISS,13oct2023,Female,0.56444734,0.054676969,0.03086227,28,SANTA MARIA DE ARARAS,/remates/view/345,Haras SANTA MARIA DE ARARAS,10-04-2025,13-04-2025,argsales,https://arg-sales.com//remates/view/345
BOMBA CURSI,405920,HIT IT A BOMB (USA),CURSI NISTEL,05jul2018,Female,0.69547987,0.13855831,0.09636452,5,FIRMAMENTO,/remates/remate-de-yeguas-madres-firmamento-y-la-pasion-14h/lotes,REMATE DE YEGUAS MADRES - FIRMAMENTO Y LA PASION . 14h,27/03/2025,27/03/2025,bullrich,https://antoniobullrich.com//remates/remate-de-yeguas-madres-firmamento-y-la-pasion-14h/lotes
BON JOURNE,442693,TREASURE BEACH (GB),BEAUTY MUSIC,10aug2023,Male,0.71382511,0.057234298,0.040855277,46,VACACION,/remates/view/342,Haras VACACION,26-03-2025,29-03-2025,argsales,https://arg-sales.com//remates/view/342
BONUS TRACK,442940,TREASURE BEACH (GB),BONICA NOIA,21aug2023,Male,0.69805557,0.081295595,0.056748841,29,ABOLENGO,/remates/view/344,Haras ABOLENGO,06-04-2025,08-04-2025,argsales,https://arg-sales.com//remates/view/344
BOU SIGEN,426515,SEAHENGE (USA),BOUCLETTE NISTEL,02jul2021,Female,0.740345,0.11722552,0.086787328,6,FIRMAMENTO,/remates/remate-de-yeguas-madres-firmamento-y-la-pasion-14h/lotes,REMATE DE YEGUAS MADRES - FIRMAMENTO Y LA PASION . 14h,27/03/2025,27/03/2025,bullrich,https://antoniobullrich.com//remates/remate-de-yeguas-madres-firmamento-y-la-pasion-14h/lotes
BUEN BLUES,441817,LE BLUES,BORISHCA,29jul2023,Male,0.6927402,0.05079161,0.035185389,52,VACACION,/remates/view/342,Haras VACACION,26-03-2025,29-03-2025,argsales,https://arg-sales.com//remates/view/342
BURBUJAS DE AMOR,443523,CITYSCAPE (GB),BASTILLANA,03sep2023,Female,0.61303741,0.074713588,0.045802224,33,VACACION,/remates/view/342,Haras VACACION,26-03-2025,29-03-2025,argsales,https://arg-sales.com//remates/view/342
CAMBIA Y JUEGA,405880,VIOLENCE (USA),CAMBIO Y FUERA,25jul2018,Female,0.60903794,0.046261515,0.028175019,7,LA PASION,/remates/remate-de-yeguas-madres-firmamento-y-la-pasion-14h/lotes,REMATE DE YEGUAS MADRES - FIRMAMENTO Y LA PASION . 14h,27/03/2025,27/03/2025,bullrich,https://antoniobullrich.com//remates/remate-de-yeguas-madres-firmamento-y-la-pasion-14h/lotes
CAMBIO RADICAL,447001,SOVEREIGN (IRE),POORLITTLEBRIDGETT (USA),13aug2023,Male,0.73295045,0.046238977,0.033890881,12,EL MALLIN,/remates/copa-bullrich-abril-14h/lotes,COPA BULLRICH ABRIL . 14h,10/04/2025,10/04/2025,bullrich,https://antoniobullrich.com//remates/copa-bullrich-abril-14h/lotes
CANDY MACHINE,443912,PNEUMATIC (USA),CANDYDACY,04sep2023,Female,0.5187965,0.035920419,0.018635388,62,ABOLENGO,/remates/view/344,Haras ABOLENGO,06-04-2025,08-04-2025,argsales,https://arg-sales.com//remates/view/344
CANDY MO,441689,PNEUMATIC (USA),CITY AND THE SEX,11jul2023,Male,0.64076239,0.11829639,0.075799882,22,ABOLENGO,/remates/view/344,Haras ABOLENGO,06-04-2025,08-04-2025,argsales,https://arg-sales.com//remates/view/344
CARAMELLA,442072,PNEUMATIC (USA),CARAMELIZA,21jul2023,Female,0.59426653,0.10207343,0.060658824,11,ABOLENGO,/remates/view/344,Haras ABOLENGO,06-04-2025,08-04-2025,argsales,https://arg-sales.com//remates/view/344
CARE FOR DADDY,442621,DADDY LONG LEGS (USA),CARE FOR,14aug2023,Male,0.61459792,0.1327012,0.081557885,3,ABOLENGO,/remates/view/344,Haras ABOLENGO,06-04-2025,08-04-2025,argsales,https://arg-sales.com//remates/view/344
CARISIMA EMPER,305468,EMPEROR JONES (USA),CARA Y LINDA,23jul2010,Female,0.67916703,0.097379185,0.066136733,8,FIRMAMENTO,/remates/remate-de-yeguas-madres-firmamento-y-la-pasion-14h/lotes,REMATE DE YEGUAS MADRES - FIRMAMENTO Y LA PASION . 14h,27/03/2025,27/03/2025,bullrich,https://antoniobullrich.com//remates/remate-de-yeguas-madres-firmamento-y-la-pasion-14h/lotes
CARMELO TONY,446094,EQUAL STRIPES,CARMELINDA,24oct2023,Male,0.4312374,0.051180568,0.022070974,14,ABOLENGO,/remates/view/344,Haras ABOLENGO,06-04-2025,08-04-2025,argsales,https://arg-sales.com//remates/view/344
CASANDRIA,442097,LE BLUES,CALBESIA,03aug2023,Female,0.54183221,0.0409243,0.022174103,43,VACACION,/remates/view/342,Haras VACACION,26-03-2025,29-03-2025,argsales,https://arg-sales.com//remates/view/342
CATTO,443486,DADDY LONG LEGS (USA),CATY SOUL,29aug2023,Male,0.58628869,0.090004988,0.052768905,24,ABOLENGO,/remates/view/344,Haras ABOLENGO,06-04-2025,08-04-2025,argsales,https://arg-sales.com//remates/view/344
CELINE STYLE,445442,EQUAL STRIPES,CECIL ASPEN,15oct2023,Female,0.47467196,0.033529714,0.015915615,48,ABOLENGO,/remates/view/344,Haras ABOLENGO,06-04-2025,08-04-2025,argsales,https://arg-sales.com//remates/view/344
CHELA,442627,COSMIC TRIGGER,CHARLOTTE CHANTAL,12aug2023,Female,0.52820873,0.029825743,0.015754217,23,ABOLENGO,/remates/view/344,Haras ABOLENGO,06-04-2025,08-04-2025,argsales,https://arg-sales.com//remates/view/344
CHESTER,441795,DADDY LONG LEGS (USA),CHARMING PRINCESS,21jul2023,Male,0.64859718,0.055321906,0.035881631,7,EL CHANAR,/remates/copa-bullrich-abril-14h/lotes,COPA BULLRICH ABRIL . 14h,10/04/2025,10/04/2025,bullrich,https://antoniobullrich.com//remates/copa-bullrich-abril-14h/lotes
CIMENTADO,445911,DANIEL BOONE (BRZ),CINCIDELLA,09oct2023,Male,0.63859433,0.084389515,0.053890664,19,SANTA MARIA DE ARARAS,/remates/view/345,Haras SANTA MARIA DE ARARAS,10-04-2025,13-04-2025,argsales,https://arg-sales.com//remates/view/345
CITA PERFECTA,447012,SOVEREIGN (IRE),SAVE THE DATE,16oct2023,Female,0.65163255,0.12344574,0.080441266,4,EL MALLIN,/remates/copa-bullrich-abril-14h/lotes,COPA BULLRICH ABRIL . 14h,10/04/2025,10/04/2025,bullrich,https://antoniobullrich.com//remates/copa-bullrich-abril-14h/lotes
CITY LION (USA),286515,LION HEART,CITY HYLTON,11feb2006,Female,0.65957779,0.046934105,0.030956693,9,LA PASION,/remates/remate-de-yeguas-madres-firmamento-y-la-pasion-14h/lotes,REMATE DE YEGUAS MADRES - FIRMAMENTO Y LA PASION . 14h,27/03/2025,27/03/2025,bullrich,https://antoniobullrich.com//remates/remate-de-yeguas-madres-firmamento-y-la-pasion-14h/lotes
CITY MAP,328180,ZENSATIONAL (USA),CITY LION (USA),08oct2012,Female,0.68754572,0.044728454,0.030752856,10,LA PASION,/remates/remate-de-yeguas-madres-firmamento-y-la-pasion-14h/lotes,REMATE DE YEGUAS MADRES - FIRMAMENTO Y LA PASION . 14h,27/03/2025,27/03/2025,bullrich,https://antoniobullrich.com//remates/remate-de-yeguas-madres-firmamento-y-la-pasion-14h/lotes
CITY QUEEN,444288,EQUAL STRIPES,LEMONCELLA,19sep2023,Female,0.3734563,0.043380532,0.016200732,9,ABOLENGO,/remates/view/344,Haras ABOLENGO,06-04-2025,08-04-2025,argsales,https://arg-sales.com//remates/view/344
CLASSY WOMAN,442276,TREASURE BEACH (GB),CALDESIA,06aug2023,Female,0.54104733,0.04929157,0.026669072,65,ABOLENGO,/remates/view/344,Haras ABOLENGO,06-04-2025,08-04-2025,argsales,https://arg-sales.com//remates/view/344
CLAUDE MONET,444082,SOVEREIGN (IRE),LA PIAFF,25jul2023,Male,0.81970173,0.0837235,0.068628296,36,EL MALLIN,/remates/copa-bullrich-abril-14h/lotes,COPA BULLRICH ABRIL . 14h,10/04/2025,10/04/2025,bullrich,https://antoniobullrich.com//remates/copa-bullrich-abril-14h/lotes
COCOQ,430060,IL MERCATO,CITY MAP,28sep2021,Female,0.63624614,0.035351459,0.02249223,11,LA PASION,/remates/remate-de-yeguas-madres-firmamento-y-la-pasion-14h/lotes,REMATE DE YEGUAS MADRES - FIRMAMENTO Y LA PASION . 14h,27/03/2025,27/03/2025,bullrich,https://antoniobullrich.com//remates/remate-de-yeguas-madres-firmamento-y-la-pasion-14h/lotes
COLORADO EL UNO,445320,CIMA DE TRIOMPHE (IRE),CRYSTAL IN ASPEN,14oct2023,Male,0.66983062,0.084349781,0.056500066,32,LA LEYENDA,/remates/copa-bullrich-abril-14h/lotes,COPA BULLRICH ABRIL . 14h,10/04/2025,10/04/2025,bullrich,https://antoniobullrich.com//remates/copa-bullrich-abril-14h/lotes
CONSTANTINO KING,447395,DANIEL BOONE (BRZ),CARTA PATENTE,27oct2023,Male,0.66510844,0.095820785,0.063731216,4,SANTA MARIA DE ARARAS,/remates/view/345,Haras SANTA MARIA DE ARARAS,10-04-2025,13-04-2025,argsales,https://arg-sales.com//remates/view/345
CONTESSA MATIC,442289,PNEUMATIC (USA),CONTESSA LINDA,29jul2023,Female,0.64992917,0.079006307,0.051348504,38,ABOLENGO,/remates/view/344,Haras ABOLENGO,06-04-2025,08-04-2025,argsales,https://arg-sales.com//remates/view/344
COOL BRO,443536,PNEUMATIC (USA),COOL SITE,30aug2023,Male,0.64401859,0.11026113,0.071010217,2,ABOLENGO,/remates/view/344,Haras ABOLENGO,06-04-2025,08-04-2025,argsales,https://arg-sales.com//remates/view/344
COPERNICANA,445317,STORM EMBRUJADO,COPPER,11oct2023,Female,0.39508876,0.049327377,0.019488692,42,LA LEYENDA,/remates/copa-bullrich-abril-14h/lotes,COPA BULLRICH ABRIL . 14h,10/04/2025,10/04/2025,bullrich,https://antoniobullrich.com//remates/copa-bullrich-abril-14h/lotes
COQUET HIT,430113,HIT IT A BOMB (USA),GRAND COQUETTE,04oct2021,Female,0.77270997,0.11678114,0.090237953,11,FIRMAMENTO,/remates/venta-training-haras-firmamento-1/lotes,,,,,/remates/venta-training-haras-firmamento-1/lotes
CUANTICA,257720,INTERPRETE,CUPULA,08sep2004,Female,0.51383179,0.032797858,0.016852582,12,LA PASION,/remates/remate-de-yeguas-madres-firmamento-y-la-pasion-14h/lotes,REMATE DE YEGUAS MADRES - FIRMAMENTO Y LA PASION . 14h,27/03/2025,27/03/2025,bullrich,https://antoniobullrich.com//remates/remate-de-yeguas-madres-firmamento-y-la-pasion-14h/lotes
CUERDA,444674,SOVEREIGN (IRE),TOCADA MAL,12sep2023,Female,0.71420461,0.036702041,0.026212767,41,EL MALLIN,/remates/copa-bullrich-abril-14h/lotes,COPA BULLRICH ABRIL . 14h,10/04/2025,10/04/2025,bullrich,https://antoniobullrich.com//remates/copa-bullrich-abril-14h/lotes
CUIDADIOSA,359485,CAMPANOLOGIST (USA),CUIDADOSA HALO,02aug2016,Female,0.64178997,0.096624389,0.062012564,13,FIRMAMENTO,/remates/remate-de-yeguas-madres-firmamento-y-la-pasion-14h/lotes,REMATE DE YEGUAS MADRES - FIRMAMENTO Y LA PASION . 14h,27/03/2025,27/03/2025,bullrich,https://antoniobullrich.com//remates/remate-de-yeguas-madres-firmamento-y-la-pasion-14h/lotes
DAKOTA BOONE,445898,DANIEL BOONE (BRZ),DISNEY QUEEN,28sep2023,Female,0.6232295,0.062619813,0.039026514,6,SANTA MARIA DE ARARAS,/remates/view/345,Haras SANTA MARIA DE ARARAS,10-04-2025,13-04-2025,argsales,https://arg-sales.com//remates/view/345
DANDY BOY,443478,EQUAL STRIPES,DANCE ON THE SEA,26aug2023,Male,0.55420876,0.078284688,0.043386061,21,ABOLENGO,/remates/view/344,Haras ABOLENGO,06-04-2025,08-04-2025,argsales,https://arg-sales.com//remates/view/344
DAY LEWIS,446999,SOVEREIGN (IRE),LA MAS POSH,12oct2023,Male,0.63246238,0.019490454,0.012326979,31,EL MALLIN,/remates/copa-bullrich-abril-14h/lotes,COPA BULLRICH ABRIL . 14h,10/04/2025,10/04/2025,bullrich,https://antoniobullrich.com//remates/copa-bullrich-abril-14h/lotes
DE GAULLE,446998,SOVEREIGN (IRE),UNE DAME,12oct2023,Male,0.58078092,0.034292664,0.019916525,40,EL MALLIN,/remates/copa-bullrich-abril-14h/lotes,COPA BULLRICH ABRIL . 14h,10/04/2025,10/04/2025,bullrich,https://antoniobullrich.com//remates/copa-bullrich-abril-14h/lotes
DELICADA GLORY,307429,HONOUR AND GLORY (USA),DISTINGUIDA FITZ,06sep2010,Female,0.79051888,0.055759247,0.044078737,14,FIRMAMENTO,/remates/remate-de-yeguas-madres-firmamento-y-la-pasion-14h/lotes,REMATE DE YEGUAS MADRES - FIRMAMENTO Y LA PASION . 14h,27/03/2025,27/03/2025,bullrich,https://antoniobullrich.com//remates/remate-de-yeguas-madres-firmamento-y-la-pasion-14h/lotes
DEVOTIONAL,323890,STORMY ATLANTIC (USA),DEVOTION UNBRIDLED (USA),03aug2012,Female,0.37334007,0.058863975,0.021976281,15,LA PASION,/remates/remate-de-yeguas-madres-firmamento-y-la-pasion-14h/lotes,REMATE DE YEGUAS MADRES - FIRMAMENTO Y LA PASION . 14h,27/03/2025,27/03/2025,bullrich,https://antoniobullrich.com//remates/remate-de-yeguas-madres-firmamento-y-la-pasion-14h/lotes
DIFFERENT STRIPES,442270,EQUAL STRIPES,DIFFERENT RULE,01aug2023,Male,0.61855298,0.11670144,0.072186023,37,ABOLENGO,/remates/view/344,Haras ABOLENGO,06-04-2025,08-04-2025,argsales,https://arg-sales.com//remates/view/344
DISTINGUIDA GIRL,442288,COSMIC TRIGGER,DISTINGUIDA CATCH,29jul2023,Female,0.55166239,0.032380868,0.017863307,25,ABOLENGO,/remates/view/344,Haras ABOLENGO,06-04-2025,08-04-2025,argsales,https://arg-sales.com//remates/view/344
DIXIE MASK,407078,EASING ALONG (USA),DIXIE WITCH (USA),19aug2018,Female,0.67362607,0.054544631,0.036742687,16,LA PASION,/remates/remate-de-yeguas-madres-firmamento-y-la-pasion-14h/lotes,REMATE DE YEGUAS MADRES - FIRMAMENTO Y LA PASION . 14h,27/03/2025,27/03/2025,bullrich,https://antoniobullrich.com//remates/remate-de-yeguas-madres-firmamento-y-la-pasion-14h/lotes
DONA CANDY,406078,STORM EMBRUJADO,SWEET HARD CANDY (USA),18jul2018,Female,0.29965094,0.019045366,0.0057069617,17,LA PASION,/remates/remate-de-yeguas-madres-firmamento-y-la-pasion-14h/lotes,REMATE DE YEGUAS MADRES - FIRMAMENTO Y LA PASION . 14h,27/03/2025,27/03/2025,bullrich,https://antoniobullrich.com//remates/remate-de-yeguas-madres-firmamento-y-la-pasion-14h/lotes
DREAM TIME,441782,FORTIFY (USA),DIA FELIZ,21jul2023,Male,0.752464,0.28861132,0.21716963,3,VACACION,/remates/view/342,Haras VACACION,26-03-2025,29-03-2025,argsales,https://arg-sales.com//remates/view/342
DULCE REGRESO,442096,FORTIFY (USA),DOÑA TITA,02aug2023,Male,0.71992886,0.11125886,0.080098465,13,VACACION,/remates/view/342,Haras VACACION,26-03-2025,29-03-2025,argsales,https://arg-sales.com//remates/view/342
EARLY FANTASY,443806,FORTIFY (USA),ELMIRA,06sep2023,Female,0.58955115,0.06125094,0.036110561,18,VACACION,/remates/view/342,Haras VACACION,26-03-2025,29-03-2025,argsales,https://arg-sales.com//remates/view/342
EARTH DAY,442291,COSMIC TRIGGER,EARTHRISE,31jul2023,Male,0.63294053,0.057081662,0.036129296,63,ABOLENGO,/remates/view/344,Haras ABOLENGO,06-04-2025,08-04-2025,argsales,https://arg-sales.com//remates/view/344
EGMONT,441799,TREASURE BEACH (GB),ESCAPE TALENT,20jul2023,Male,0.55332571,0.023533041,0.013021437,22,EL CHANAR,/remates/copa-bullrich-abril-14h/lotes,COPA BULLRICH ABRIL . 14h,10/04/2025,10/04/2025,bullrich,https://antoniobullrich.com//remates/copa-bullrich-abril-14h/lotes
ELLE MC,442615,COSMIC TRIGGER,ELUDIBLE,11aug2023,Female,0.48851621,0.044607263,0.021791371,35,ABOLENGO,/remates/view/344,Haras ABOLENGO,06-04-2025,08-04-2025,argsales,https://arg-sales.com//remates/view/344
ELLIJAY,427537,IL MERCATO,EXPEDIA,18aug2021,Female,0.73409742,0.033112131,0.02430753,18,LA PASION,/remates/remate-de-yeguas-madres-firmamento-y-la-pasion-14h/lotes,REMATE DE YEGUAS MADRES - FIRMAMENTO Y LA PASION . 14h,27/03/2025,27/03/2025,bullrich,https://antoniobullrich.com//remates/remate-de-yeguas-madres-firmamento-y-la-pasion-14h/lotes
EMBELLISH,263391,EDITOR'S NOTE (USA),EMBRASABLE,02aug2005,Female,0.45547411,0.046006378,0.020954713,19,LA PASION,/remates/remate-de-yeguas-madres-firmamento-y-la-pasion-14h/lotes,REMATE DE YEGUAS MADRES - FIRMAMENTO Y LA PASION . 14h,27/03/2025,27/03/2025,bullrich,https://antoniobullrich.com//remates/remate-de-yeguas-madres-firmamento-y-la-pasion-14h/lotes
EMBLEMA,447009,SOVEREIGN (IRE),ELISABETA,08oct2023,Female,0.73503214,0.041342985,0.030388422,28,EL MALLIN,/remates/copa-bullrich-abril-14h/lotes,COPA BULLRICH ABRIL . 14h,10/04/2025,10/04/2025,bullrich,https://antoniobullrich.com//remates/copa-bullrich-abril-14h/lotes
EMBRIDA,305426,LIZARD ISLAND (USA),EMBRACE ME,27jul2010,Female,0.64746714,0.045504533,0.02946269,20,LA PASION,/remates/remate-de-yeguas-madres-firmamento-y-la-pasion-14h/lotes,REMATE DE YEGUAS MADRES - FIRMAMENTO Y LA PASION . 14h,27/03/2025,27/03/2025,bullrich,https://antoniobullrich.com//remates/remate-de-yeguas-madres-firmamento-y-la-pasion-14h/lotes
EMISARIA,246991,ROY (USA),EARLY KIT,23oct2002,Female,0.58440143,0.12753738,0.07453303,21,LA PASION,/remates/remate-de-yeguas-madres-firmamento-y-la-pasion-14h/lotes,REMATE DE YEGUAS MADRES - FIRMAMENTO Y LA PASION . 14h,27/03/2025,27/03/2025,bullrich,https://antoniobullrich.com//remates/remate-de-yeguas-madres-firmamento-y-la-pasion-14h/lotes
EMPRESS MORRIS,441638,GOUVERNEUR MORRIS (USA),EMPRESS DIVA,21jul2023,Female,0.49588287,0.012918244,0.0064059361,10,EL ARROYO,/remates/copa-bullrich-abril-14h/lotes,COPA BULLRICH ABRIL . 14h,10/04/2025,10/04/2025,bullrich,https://antoniobullrich.com//remates/copa-bullrich-abril-14h/lotes
ENJOY CRAF,401733,MASTERCRAFTSMAN (IRE),ENJOY ROMA,24oct2017,Female,0.63958627,0.097919136,0.062627733,22,FIRMAMENTO,/remates/remate-de-yeguas-madres-firmamento-y-la-pasion-14h/lotes,REMATE DE YEGUAS MADRES - FIRMAMENTO Y LA PASION . 14h,27/03/2025,27/03/2025,bullrich,https://antoniobullrich.com//remates/remate-de-yeguas-madres-firmamento-y-la-pasion-14h/lotes
ENTRETIEMPO,327099,EXCHANGE RATE (USA),ENTRANCED (USA),02oct2012,Female,0.7836315,0.12201596,0.095615551,23,LA PASION,/remates/remate-de-yeguas-madres-firmamento-y-la-pasion-14h/lotes,REMATE DE YEGUAS MADRES - FIRMAMENTO Y LA PASION . 14h,27/03/2025,27/03/2025,bullrich,https://antoniobullrich.com//remates/remate-de-yeguas-madres-firmamento-y-la-pasion-14h/lotes
ENVIDO,444083,SOVEREIGN (IRE),RETRUCALA,29jul2023,Male,0.71482265,0.083858758,0.059944138,49,EL MALLIN,/remates/copa-bullrich-abril-14h/lotes,COPA BULLRICH ABRIL . 14h,10/04/2025,10/04/2025,bullrich,https://antoniobullrich.com//remates/copa-bullrich-abril-14h/lotes
ERFIRIA,442933,PNEUMATIC (USA),ESMERALDA DAY,18aug2023,Female,0.56972474,0.036534794,0.020814776,64,ABOLENGO,/remates/view/344,Haras ABOLENGO,06-04-2025,08-04-2025,argsales,https://arg-sales.com//remates/view/344
ERTO,445029,UNCLE CHUCK (USA),ERSILIA,16sep2023,Male,0.60024214,0.051738098,0.031055387,21,SANTA INES,/remates/copa-bullrich-abril-14h/lotes,COPA BULLRICH ABRIL . 14h,10/04/2025,10/04/2025,bullrich,https://antoniobullrich.com//remates/copa-bullrich-abril-14h/lotes
ES SOÑADO,443832,EQUAL STRIPES,ES SERENITA,26aug2023,Male,0.55239582,0.053866833,0.029755814,3,EL CHANAR,/remates/copa-bullrich-abril-14h/lotes,COPA BULLRICH ABRIL . 14h,10/04/2025,10/04/2025,bullrich,https://antoniobullrich.com//remates/copa-bullrich-abril-14h/lotes
ESPACIADORA,297322,GIANT'S CAUSEWAY (USA),ESPANTADA (USA),05aug2009,Female,0.64013487,0.048988298,0.031359117,24,LA PASION,/remates/remate-de-yeguas-madres-firmamento-y-la-pasion-14h/lotes,REMATE DE YEGUAS MADRES - FIRMAMENTO Y LA PASION . 14h,27/03/2025,27/03/2025,bullrich,https://antoniobullrich.com//remates/remate-de-yeguas-madres-firmamento-y-la-pasion-14h/lotes
ESTHETIC BOY,442280,COSMIC TRIGGER,ESTHETICALLY,10aug2023,Male,0.58045584,0.070893899,0.041150779,28,ABOLENGO,/remates/view/344,Haras ABOLENGO,06-04-2025,08-04-2025,argsales,https://arg-sales.com//remates/view/344
ETTE SEIVER,415726,SUPER SAVER (USA),HOLIDAY CLETTE,23sep2019,Male,0.70867974,0.14518413,0.10288905,7,FIRMAMENTO,/remates/venta-training-haras-firmamento-1/lotes,,,,,/remates/venta-training-haras-firmamento-1/lotes
EVATINA,306299,ORPEN (USA),EVER BEAUTY,15aug2010,Female,0.64253879,0.16632386,0.10686953,25,LA PASION,/remates/remate-de-yeguas-madres-firmamento-y-la-pasion-14h/lotes,REMATE DE YEGUAS MADRES - FIRMAMENTO Y LA PASION . 14h,27/03/2025,27/03/2025,bullrich,https://antoniobullrich.com//remates/remate-de-yeguas-madres-firmamento-y-la-pasion-14h/lotes
EVIDENCE DAD,445435,DADDY LONG LEGS (USA),EVIDANCE RULER,10oct2023,Male,0.56588501,0.066705957,0.037747901,59,ABOLENGO,/remates/view/344,Haras ABOLENGO,06-04-2025,08-04-2025,argsales,https://arg-sales.com//remates/view/344
EVOQUE,444526,DADDY LONG LEGS (USA),EVOLVE,24sep2023,Male,0.59075123,0.063336842,0.037416317,39,ABOLENGO,/remates/view/344,Haras ABOLENGO,06-04-2025,08-04-2025,argsales,https://arg-sales.com//remates/view/344
EXCELSO,441797,DADDY LONG LEGS (USA),EXCHANGELY,19jul2023,Male,0.64813679,0.063727453,0.041304108,15,EL CHANAR,/remates/copa-bullrich-abril-14h/lotes,COPA BULLRICH ABRIL . 14h,10/04/2025,10/04/2025,bullrich,https://antoniobullrich.com//remates/copa-bullrich-abril-14h/lotes
EXPEDIA,338436,EASING ALONG (USA),LIGHTLY EXPRESSED (USA),09oct2013,Female,0.76309806,0.056854706,0.043385714,26,LA PASION,/remates/remate-de-yeguas-madres-firmamento-y-la-pasion-14h/lotes,REMATE DE YEGUAS MADRES - FIRMAMENTO Y LA PASION . 14h,27/03/2025,27/03/2025,bullrich,https://antoniobullrich.com//remates/remate-de-yeguas-madres-firmamento-y-la-pasion-14h/lotes
EXPRESSIVE GIRL,442945,TREASURE BEACH (GB),EXPRESSIVE ONE,24aug2023,Female,0.47494683,0.043390203,0.02060804,40,ABOLENGO,/remates/view/344,Haras ABOLENGO,06-04-2025,08-04-2025,argsales,https://arg-sales.com//remates/view/344
FABIUS MAXIMUS,447379,DANIEL BOONE (BRZ),FUNICULA,14oct2023,Male,0.59777343,0.06250675,0.037364874,18,SANTA MARIA DE ARARAS,/remates/view/345,Haras SANTA MARIA DE ARARAS,10-04-2025,13-04-2025,argsales,https://arg-sales.com//remates/view/345
FANCY KITTY,338454,EASING ALONG (USA),FANCY TALE (USA),25oct2013,Female,0.74725533,0.093934022,0.070192695,27,LA PASION,/remates/remate-de-yeguas-madres-firmamento-y-la-pasion-14h/lotes,REMATE DE YEGUAS MADRES - FIRMAMENTO Y LA PASION . 14h,27/03/2025,27/03/2025,bullrich,https://antoniobullrich.com//remates/remate-de-yeguas-madres-firmamento-y-la-pasion-14h/lotes
FEEL FREE,441603,UNCLE CHUCK (USA),FUNGUERA,13jul2023,Female,0.67229384,0.086448006,0.058118463,53,VACACION,/remates/view/342,Haras VACACION,26-03-2025,29-03-2025,argsales,https://arg-sales.com//remates/view/342
FEL FEM,445909,DANIEL BOONE (BRZ),FELICIDAD IS BACK,05oct2023,Female,0.57704306,0.05358639,0.030921655,22,SANTA MARIA DE ARARAS,/remates/view/345,Haras SANTA MARIA DE ARARAS,10-04-2025,13-04-2025,argsales,https://arg-sales.com//remates/view/345
FESTIVE BOONE,445913,DANIEL BOONE (BRZ),FEELINGS,13oct2023,Female,0.54117233,0.053511087,0.028958719,33,SANTA MARIA DE ARARAS,/remates/view/345,Haras SANTA MARIA DE ARARAS,10-04-2025,13-04-2025,argsales,https://arg-sales.com//remates/view/345
FESTIVE LADY,445892,DANIEL BOONE (BRZ),FELICIDAD ALWAYS,26sep2023,Female,0.55330384,0.045292579,0.025060557,40,SANTA MARIA DE ARARAS,/remates/view/345,Haras SANTA MARIA DE ARARAS,10-04-2025,13-04-2025,argsales,https://arg-sales.com//remates/view/345
FIND ME,443924,PNEUMATIC (USA),FIX IT,13sep2023,Male,0.67139727,0.090350248,0.06066091,52,ABOLENGO,/remates/view/344,Haras ABOLENGO,06-04-2025,08-04-2025,argsales,https://arg-sales.com//remates/view/344
FIRST QUEEN,441762,VILLAGE KING,FELURIAN,16jul2023,Female,0.43490109,0.057009134,0.024793334,44,SANTA MARIA DE ARARAS,/remates/view/345,Haras SANTA MARIA DE ARARAS,10-04-2025,13-04-2025,argsales,https://arg-sales.com//remates/view/345
FOGUEADO,441733,SOVEREIGN (IRE),CURTIDA NISTEL,02aug2023,Male,0.6208728,0.040750928,0.025301144,19,EL MALLIN,/remates/copa-bullrich-abril-14h/lotes,COPA BULLRICH ABRIL . 14h,10/04/2025,10/04/2025,bullrich,https://antoniobullrich.com//remates/copa-bullrich-abril-14h/lotes
FOLLONICA,335547,ZENSATIONAL (USA),FOTOGRAFICA,11sep2013,Female,0.74008393,0.08248689,0.061047222,28,LA PASION,/remates/remate-de-yeguas-madres-firmamento-y-la-pasion-14h/lotes,REMATE DE YEGUAS MADRES - FIRMAMENTO Y LA PASION . 14h,27/03/2025,27/03/2025,bullrich,https://antoniobullrich.com//remates/remate-de-yeguas-madres-firmamento-y-la-pasion-14h/lotes
FUERTE Y CLARO,445902,DANIEL BOONE (BRZ),FUNK GIRL,30sep2023,Male,0.68748313,0.054685388,0.037595283,34,SANTA MARIA DE ARARAS,/remates/view/345,Haras SANTA MARIA DE ARARAS,10-04-2025,13-04-2025,argsales,https://arg-sales.com//remates/view/345
FULL MOON,442619,COSMIC TRIGGER,THUNDERY FALLEN,13aug2023,Female,0.3081575,0.049756449,0.015332823,16,ABOLENGO,/remates/view/344,Haras ABOLENGO,06-04-2025,08-04-2025,argsales,https://arg-sales.com//remates/view/344
FUTURE MIND,443686,DANIEL BOONE (BRZ),FUZARCA,10sep2023,Male,0.70615047,0.12773016,0.090196714,7,SANTA MARIA DE ARARAS,/remates/view/345,Haras SANTA MARIA DE ARARAS,10-04-2025,13-04-2025,argsales,https://arg-sales.com//remates/view/345
FUZZY PET,445891,DANIEL BOONE (BRZ),FUZZY LOGIC,26sep2023,Female,0.5952611,0.09983243,0.059426364,21,SANTA MARIA DE ARARAS,/remates/view/345,Haras SANTA MARIA DE ARARAS,10-04-2025,13-04-2025,argsales,https://arg-sales.com//remates/view/345
GALINDEZ,442065,COSMIC TRIGGER,GALA ACTION,23jul2023,Male,0.50669944,0.039931018,0.020233024,42,ABOLENGO,/remates/view/344,Haras ABOLENGO,06-04-2025,08-04-2025,argsales,https://arg-sales.com//remates/view/344
GENUINE FAITH,442073,PNEUMATIC (USA),GOT FAITH,18jul2023,Female,0.63500559,0.11297286,0.0717384,26,ABOLENGO,/remates/view/344,Haras ABOLENGO,06-04-2025,08-04-2025,argsales,https://arg-sales.com//remates/view/344
GOOD HOPE,445433,DADDY LONG LEGS (USA),GOOD BABE,08oct2023,Female,0.53446817,0.072676606,0.038843334,50,ABOLENGO,/remates/view/344,Haras ABOLENGO,06-04-2025,08-04-2025,argsales,https://arg-sales.com//remates/view/344
GOODNIGHT BABY,442042,DADDY LONG LEGS (USA),GOODNIGHT KISS,07aug2023,Female,0.42987666,0.036446825,0.01566764,26,EL CHANAR,/remates/copa-bullrich-abril-14h/lotes,COPA BULLRICH ABRIL . 14h,10/04/2025,10/04/2025,bullrich,https://antoniobullrich.com//remates/copa-bullrich-abril-14h/lotes
GOOGLE NEWS,442622,PNEUMATIC (USA),GIRL SPIRIT,14aug2023,Female,0.65359485,0.045847334,0.029965581,49,ABOLENGO,/remates/view/344,Haras ABOLENGO,06-04-2025,08-04-2025,argsales,https://arg-sales.com//remates/view/344
GOT MY WAY,443916,EQUAL STRIPES,GOT MY MIND,08sep2023,Male,0.45208555,0.057697505,0.026084209,43,ABOLENGO,/remates/view/344,Haras ABOLENGO,06-04-2025,08-04-2025,argsales,https://arg-sales.com//remates/view/344
GREAT UNCLE,441598,UNCLE CHUCK (USA),GARUBELLA (USA),06jul2023,Male,0.55917174,0.07171762,0.040102467,40,VACACION,/remates/view/342,Haras VACACION,26-03-2025,29-03-2025,argsales,https://arg-sales.com//remates/view/342
GREEICY,422381,BODEMEISTER (USA),GREY'S ANATOMY,18oct2020,Female,0.68395603,0.017873973,0.012225011,29,LA PASION,/remates/remate-de-yeguas-madres-firmamento-y-la-pasion-14h/lotes,REMATE DE YEGUAS MADRES - FIRMAMENTO Y LA PASION . 14h,27/03/2025,27/03/2025,bullrich,https://antoniobullrich.com//remates/remate-de-yeguas-madres-firmamento-y-la-pasion-14h/lotes
GREKA,446087,DADDY LONG LEGS (USA),GREEN RYE,19oct2023,Female,0.54531872,0.067141525,0.036613531,6,ABOLENGO,/remates/view/344,Haras ABOLENGO,06-04-2025,08-04-2025,argsales,https://arg-sales.com//remates/view/344
HAMLET STAR,441744,FORTIFY (USA),HENDAIA,11jul2023,Male,0.6492309,0.13959248,0.090627752,12,VACACION,/remates/view/342,Haras VACACION,26-03-2025,29-03-2025,argsales,https://arg-sales.com//remates/view/342
HAPPY FAMILY,446563,FORTIFY (USA),HEAVENLY STAR,21oct2023,Female,0.56367993,0.098317809,0.055419777,14,VACACION,/remates/view/342,Haras VACACION,26-03-2025,29-03-2025,argsales,https://arg-sales.com//remates/view/342
HAPPY FRANKIE,444981,TREASURE BEACH (GB),HAPPY GIRL,15oct2023,Male,0.57901347,0.020904001,0.012103698,17,EL CHANAR,/remates/copa-bullrich-abril-14h/lotes,COPA BULLRICH ABRIL . 14h,10/04/2025,10/04/2025,bullrich,https://antoniobullrich.com//remates/copa-bullrich-abril-14h/lotes
HARLAN'S ANGELIC,315167,HARLAN'S HOLIDAY (USA),KWANZAN (USA),03aug2011,Female,0.56547421,0.046745691,0.026433483,30,FIRMAMENTO,/remates/remate-de-yeguas-madres-firmamento-y-la-pasion-14h/lotes,REMATE DE YEGUAS MADRES - FIRMAMENTO Y LA PASION . 14h,27/03/2025,27/03/2025,bullrich,https://antoniobullrich.com//remates/remate-de-yeguas-madres-firmamento-y-la-pasion-14h/lotes
HARRY EL SUCIO,444241,DANIEL BOONE (BRZ),HORA UNIVERSAL,15sep2023,Male,0.64787459,0.072352856,0.046875577,43,SANTA MARIA DE ARARAS,/remates/view/345,Haras SANTA MARIA DE ARARAS,10-04-2025,13-04-2025,argsales,https://arg-sales.com//remates/view/345
HIDILYN,426841,EQUAL STRIPES,HEART TO HEART,22jul2021,Female,0.64690769,0.031550486,0.020410251,31,LA PASION,/remates/remate-de-yeguas-madres-firmamento-y-la-pasion-14h/lotes,REMATE DE YEGUAS MADRES - FIRMAMENTO Y LA PASION . 14h,27/03/2025,27/03/2025,bullrich,https://antoniobullrich.com//remates/remate-de-yeguas-madres-firmamento-y-la-pasion-14h/lotes
HIGHFEVER BOMB,421821,HIT IT A BOMB (USA),HIGHFEVER,28oct2020,Female,0.66634208,0.073795907,0.049173318,32,FIRMAMENTO,/remates/remate-de-yeguas-madres-firmamento-y-la-pasion-14h/lotes,REMATE DE YEGUAS MADRES - FIRMAMENTO Y LA PASION . 14h,27/03/2025,27/03/2025,bullrich,https://antoniobullrich.com//remates/remate-de-yeguas-madres-firmamento-y-la-pasion-14h/lotes
HIT BOUCLETTE,405918,HIT IT A BOMB (USA),BOUCLETTE FITZ,12jul2018,Female,0.71575928,0.10113783,0.07239034,33,FIRMAMENTO,/remates/remate-de-yeguas-madres-firmamento-y-la-pasion-14h/lotes,REMATE DE YEGUAS MADRES - FIRMAMENTO Y LA PASION . 14h,27/03/2025,27/03/2025,bullrich,https://antoniobullrich.com//remates/remate-de-yeguas-madres-firmamento-y-la-pasion-14h/lotes
HIT GALILEO,426853,HIT IT A BOMB (USA),FILILEO (IRE),20jul2021,Male,0.61444163,0.15902144,0.097709395,12,FIRMAMENTO,/remates/venta-training-haras-firmamento-1/lotes,,,,,/remates/venta-training-haras-firmamento-1/lotes
HURRY AND HURRY,447384,DANIEL BOONE (BRZ),HONEY HAPPY,18oct2023,Male,0.67128634,0.096817754,0.064992435,3,SANTA MARIA DE ARARAS,/remates/view/345,Haras SANTA MARIA DE ARARAS,10-04-2025,13-04-2025,argsales,https://arg-sales.com//remates/view/345
ICONO HIT,427557,HIT IT A BOMB (USA),CUIDADOSA HALO,19aug2021,Female,0.75511175,0.155292,0.11726282,10,FIRMAMENTO,/remates/venta-training-haras-firmamento-1/lotes,,,,,/remates/venta-training-haras-firmamento-1/lotes
IKAL,442937,PNEUMATIC (USA),ITALIAN STRIPE,21aug2023,Female,0.62183255,0.058732845,0.036521994,44,ABOLENGO,/remates/view/344,Haras ABOLENGO,06-04-2025,08-04-2025,argsales,https://arg-sales.com//remates/view/344
ILUSTRADOR,442071,COSMIC TRIGGER,ILUSTRADORA,21jul2023,Male,0.55607116,0.044335797,0.024653858,61,ABOLENGO,/remates/view/344,Haras ABOLENGO,06-04-2025,08-04-2025,argsales,https://arg-sales.com//remates/view/344
IMAGINAME LINDA,314217,EASING ALONG (USA),RUBIA PRETTY,24jul2011,Female,0.76791847,0.1498414,0.11506598,34,LA PASION,/remates/remate-de-yeguas-madres-firmamento-y-la-pasion-14h/lotes,REMATE DE YEGUAS MADRES - FIRMAMENTO Y LA PASION . 14h,27/03/2025,27/03/2025,bullrich,https://antoniobullrich.com//remates/remate-de-yeguas-madres-firmamento-y-la-pasion-14h/lotes
IMPORTE EXACTO,442932,COSMIC TRIGGER,IMPORTANT THING,18aug2023,Male,0.54723662,0.058725432,0.032136708,31,ABOLENGO,/remates/view/344,Haras ABOLENGO,06-04-2025,08-04-2025,argsales,https://arg-sales.com//remates/view/344
IN THIS MOMENT,443457,FORTIFY (USA),IN MISSION,20aug2023,Male,0.70841068,0.12430248,0.088057205,1,VACACION,/remates/view/342,Haras VACACION,26-03-2025,29-03-2025,argsales,https://arg-sales.com//remates/view/342
INFINITA ILUSION,445115,DADDY LONG LEGS (USA),INFANTA ELENA,07oct2023,Female,0.46969497,0.1395572,0.065549314,15,ABOLENGO,/remates/view/344,Haras ABOLENGO,06-04-2025,08-04-2025,argsales,https://arg-sales.com//remates/view/344
INNER CIRCLE,442067,PNEUMATIC (USA),INTENSE LOOK,22jul2023,Female,0.68013078,0.12513383,0.085107371,1,ABOLENGO,/remates/view/344,Haras ABOLENGO,06-04-2025,08-04-2025,argsales,https://arg-sales.com//remates/view/344
INSTAGRAMADA,420615,BODEMEISTER (USA),ILLEGALLY BLONDE,15aug2020,Female,0.65494478,0.05455707,0.035731867,35,LA PASION,/remates/remate-de-yeguas-madres-firmamento-y-la-pasion-14h/lotes,REMATE DE YEGUAS MADRES - FIRMAMENTO Y LA PASION . 14h,27/03/2025,27/03/2025,bullrich,https://antoniobullrich.com//remates/remate-de-yeguas-madres-firmamento-y-la-pasion-14h/lotes
INTELIGENCIA SUPREMA,446557,FORTIFY (USA),IGARA,14oct2023,Female,0.58295572,0.073648281,0.042933688,27,VACACION,/remates/view/342,Haras VACACION,26-03-2025,29-03-2025,argsales,https://arg-sales.com//remates/view/342
INTERNAL AFFAIRS,442095,FORTIFY (USA),IDOCRASE,31jul2023,Male,0.70129579,0.15761815,0.11053695,31,VACACION,/remates/view/342,Haras VACACION,26-03-2025,29-03-2025,argsales,https://arg-sales.com//remates/view/342
INVISIBLE SCAPE,442094,CITYSCAPE (GB),INVISIBLE WAR,01jul2023,Female,0.50170767,0.073438719,0.036844768,50,VACACION,/remates/view/342,Haras VACACION,26-03-2025,29-03-2025,argsales,https://arg-sales.com//remates/view/342
IRISH BOY,441743,FORTIFY (USA),ISLANDINA,11jul2023,Male,0.70306087,0.1212403,0.085239306,15,VACACION,/remates/view/342,Haras VACACION,26-03-2025,29-03-2025,argsales,https://arg-sales.com//remates/view/342
IT'S LIKE YOU,445117,COSMIC TRIGGER,IT LOOKS FINE,07oct2023,Male,0.57065433,0.061506681,0.035099056,8,ABOLENGO,/remates/view/344,Haras ABOLENGO,06-04-2025,08-04-2025,argsales,https://arg-sales.com//remates/view/344
IVANNE,426840,MANIPULATOR (USA),ILUSION OPTICA,22jul2021,Female,0.75357342,0.024175365,0.018217912,36,LA PASION,/remates/remate-de-yeguas-madres-firmamento-y-la-pasion-14h/lotes,REMATE DE YEGUAS MADRES - FIRMAMENTO Y LA PASION . 14h,27/03/2025,27/03/2025,bullrich,https://antoniobullrich.com//remates/remate-de-yeguas-madres-firmamento-y-la-pasion-14h/lotes
JESSIE JAY,444239,DANIEL BOONE (BRZ),JOLIE JOAN,11sep2023,Female,0.6091032,0.11905102,0.072514363,23,SANTA MARIA DE ARARAS,/remates/view/345,Haras SANTA MARIA DE ARARAS,10-04-2025,13-04-2025,argsales,https://arg-sales.com//remates/view/345
JOY MUSICA,441793,FORTIFY (USA),MELODIAN GIRL,01aug2023,Female,0.52182466,0.056152426,0.02930172,1,EL ARROYO,/remates/copa-bullrich-abril-14h/lotes,COPA BULLRICH ABRIL . 14h,10/04/2025,10/04/2025,bullrich,https://antoniobullrich.com//remates/copa-bullrich-abril-14h/lotes
JUARA,445494,STORM EMBRUJADO,MENTAWAI,05sep2023,Female,0.55542755,0.028995166,0.016104713,46,EL MALLIN,/remates/copa-bullrich-abril-14h/lotes,COPA BULLRICH ABRIL . 14h,10/04/2025,10/04/2025,bullrich,https://antoniobullrich.com//remates/copa-bullrich-abril-14h/lotes
JUST DANCE,443377,DANIEL BOONE (BRZ),JOLIE GIGI,23aug2023,Female,0.41951168,0.062428474,0.026189474,32,SANTA MARIA DE ARARAS,/remates/view/345,Haras SANTA MARIA DE ARARAS,10-04-2025,13-04-2025,argsales,https://arg-sales.com//remates/view/345
LA BODEGA DE GUZ,420810,BODEMEISTER (USA),LA CAPELLETA,03sep2020,Female,0.57277399,0.014285198,0.0081821904,37,LA PASION,/remates/remate-de-yeguas-madres-firmamento-y-la-pasion-14h/lotes,REMATE DE YEGUAS MADRES - FIRMAMENTO Y LA PASION . 14h,27/03/2025,27/03/2025,bullrich,https://antoniobullrich.com//remates/remate-de-yeguas-madres-firmamento-y-la-pasion-14h/lotes
LA ISLA DEL SOL,401028,LIZARD ISLAND (USA),LA IMPARABLE,10oct2017,Female,0.76244134,0.043840393,0.03342573,38,LA PASION,/remates/remate-de-yeguas-madres-firmamento-y-la-pasion-14h/lotes,REMATE DE YEGUAS MADRES - FIRMAMENTO Y LA PASION . 14h,27/03/2025,27/03/2025,bullrich,https://antoniobullrich.com//remates/remate-de-yeguas-madres-firmamento-y-la-pasion-14h/lotes
LA MAS BONITA,441796,DADDY LONG LEGS (USA),LA SERENITA,28jul2023,Female,0.68440461,0.084712796,0.057977829,25,EL CHANAR,/remates/copa-bullrich-abril-14h/lotes,COPA BULLRICH ABRIL . 14h,10/04/2025,10/04/2025,bullrich,https://antoniobullrich.com//remates/copa-bullrich-abril-14h/lotes
LE CHATEAU (USA),371853,CHESTER HOUSE (USA),ELISSA BEETHOVEN (GB),29mar2004,Female,0.35318902,0.085126527,0.030065754,39,LA PASION,/remates/remate-de-yeguas-madres-firmamento-y-la-pasion-14h/lotes,REMATE DE YEGUAS MADRES - FIRMAMENTO Y LA PASION . 14h,27/03/2025,27/03/2025,bullrich,https://antoniobullrich.com//remates/remate-de-yeguas-madres-firmamento-y-la-pasion-14h/lotes
LEEDS,442106,FORTIFY (USA),LIBRATURA,05aug2023,Male,0.65443689,0.11353076,0.074298717,6,VACACION,/remates/view/342,Haras VACACION,26-03-2025,29-03-2025,argsales,https://arg-sales.com//remates/view/342
LEITMOTIV,442665,UNCLE CHUCK (USA),LA MUSICAL,11aug2023,Male,0.72578818,0.064301983,0.046669617,56,VACACION,/remates/view/342,Haras VACACION,26-03-2025,29-03-2025,argsales,https://arg-sales.com//remates/view/342
LEMKA,414060,BODEMEISTER (USA),LISBONESA,22aug2019,Female,0.66560411,0.063602172,0.042333867,40,LA PASION,/remates/remate-de-yeguas-madres-firmamento-y-la-pasion-14h/lotes,REMATE DE YEGUAS MADRES - FIRMAMENTO Y LA PASION . 14h,27/03/2025,27/03/2025,bullrich,https://antoniobullrich.com//remates/remate-de-yeguas-madres-firmamento-y-la-pasion-14h/lotes
LIMIT SPEED,442673,LE BLUES,LA COLIFA,17aug2023,Male,0.68095022,0.051742308,0.035233937,55,VACACION,/remates/view/342,Haras VACACION,26-03-2025,29-03-2025,argsales,https://arg-sales.com//remates/view/342
LINDA CRAF,401065,MASTERCRAFTSMAN (IRE),MISS CARILINDA,09oct2017,Female,0.68929046,0.084728427,0.058402497,41,LA PASION,/remates/remate-de-yeguas-madres-firmamento-y-la-pasion-14h/lotes,REMATE DE YEGUAS MADRES - FIRMAMENTO Y LA PASION . 14h,27/03/2025,27/03/2025,bullrich,https://antoniobullrich.com//remates/remate-de-yeguas-madres-firmamento-y-la-pasion-14h/lotes
LOCAL TIME,445622,UNCLE CHUCK (USA),LIMUSINA,30sep2023,Male,0.64108747,0.073075674,0.046847899,26,VACACION,/remates/view/342,Haras VACACION,26-03-2025,29-03-2025,argsales,https://arg-sales.com//remates/view/342
LOOK DIFFERENT,445030,HI HAPPY,LOOK LOVELY,16sep2023,Male,0.69303149,0.12300836,0.085248664,2,SANTA INES,/remates/copa-bullrich-abril-14h/lotes,COPA BULLRICH ABRIL . 14h,10/04/2025,10/04/2025,bullrich,https://antoniobullrich.com//remates/copa-bullrich-abril-14h/lotes
LOVELY DAY,443804,FORTIFY (USA),LITHUANIA,11sep2023,Female,0.58086646,0.15897477,0.092343107,2,VACACION,/remates/view/342,Haras VACACION,26-03-2025,29-03-2025,argsales,https://arg-sales.com//remates/view/342
LOXLEY,443913,PNEUMATIC (USA),LOVE ME MORE,04sep2023,Male,0.65932751,0.074971065,0.049430486,55,ABOLENGO,/remates/view/344,Haras ABOLENGO,06-04-2025,08-04-2025,argsales,https://arg-sales.com//remates/view/344
LUCKY MAMMA,317441,EASING ALONG (USA),RUBIA BLONDE,12sep2011,Female,0.7630145,0.062027898,0.047328185,42,LA PASION,/remates/remate-de-yeguas-madres-firmamento-y-la-pasion-14h/lotes,REMATE DE YEGUAS MADRES - FIRMAMENTO Y LA PASION . 14h,27/03/2025,27/03/2025,bullrich,https://antoniobullrich.com//remates/remate-de-yeguas-madres-firmamento-y-la-pasion-14h/lotes
LUNA EGIPCIA,293503,SOUTHERN HALO (USA),LUNA POP,30oct2008,Female,0.63849175,0.052866772,0.033754997,43,LA PASION,/remates/remate-de-yeguas-madres-firmamento-y-la-pasion-14h/lotes,REMATE DE YEGUAS MADRES - FIRMAMENTO Y LA PASION . 14h,27/03/2025,27/03/2025,bullrich,https://antoniobullrich.com//remates/remate-de-yeguas-madres-firmamento-y-la-pasion-14h/lotes
LYNELLE,441673,UNCLE CHUCK (USA),LINDA ESTADIA,15jul2023,Female,0.58297396,0.046284564,0.026982695,19,VACACION,/remates/view/342,Haras VACACION,26-03-2025,29-03-2025,argsales,https://arg-sales.com//remates/view/342
MACEIO,441760,DANIEL BOONE (BRZ),MALIBU STAR,11jul2023,Male,0.75407088,0.083288901,0.062805735,38,SANTA MARIA DE ARARAS,/remates/view/345,Haras SANTA MARIA DE ARARAS,10-04-2025,13-04-2025,argsales,https://arg-sales.com//remates/view/345
MADISON SONG (USA),296097,GRAND SLAM (USA),WHALAH,25jan2003,Female,0.33563441,0.093504772,0.031383418,44,LA PASION,/remates/remate-de-yeguas-madres-firmamento-y-la-pasion-14h/lotes,REMATE DE YEGUAS MADRES - FIRMAMENTO Y LA PASION . 14h,27/03/2025,27/03/2025,bullrich,https://antoniobullrich.com//remates/remate-de-yeguas-madres-firmamento-y-la-pasion-14h/lotes
MAGNIFIC HIT,434630,HIT IT A BOMB (USA),ESPLENDIDA GLORY,24jul2022,Male,0.78918803,0.11792524,0.093065187,8,FIRMAMENTO,/remates/venta-training-haras-firmamento-1/lotes,,,,,/remates/venta-training-haras-firmamento-1/lotes
MANHATTAN JOY,446366,FORTIFY (USA),MODERN GIRL,19oct2023,Male,0.59754497,0.065922789,0.039391831,6,SANTA INES,/remates/copa-bullrich-abril-14h/lotes,COPA BULLRICH ABRIL . 14h,10/04/2025,10/04/2025,bullrich,https://antoniobullrich.com//remates/copa-bullrich-abril-14h/lotes
MANI GIRL,443909,DADDY LONG LEGS (USA),MANI BO,02sep2023,Female,0.54578507,0.093607664,0.051089667,20,ABOLENGO,/remates/view/344,Haras ABOLENGO,06-04-2025,08-04-2025,argsales,https://arg-sales.com//remates/view/344
MARADONIANO,442669,FORTIFY (USA),MARADONIANA INC,14aug2023,Male,0.72517115,0.1080265,0.078337699,20,VACACION,/remates/view/342,Haras VACACION,26-03-2025,29-03-2025,argsales,https://arg-sales.com//remates/view/342
MARIAN HIT,430729,HIT IT A BOMB (USA),LADY MARIAN (USA),30oct2021,Female,0.85759532,0.083474271,0.071587145,4,FIRMAMENTO,/remates/venta-training-haras-firmamento-1/lotes,,,,,/remates/venta-training-haras-firmamento-1/lotes
MARINA CITY,446355,HI HAPPY,MARINA AZUL,11oct2023,Female,0.49142915,0.067487925,0.033165533,18,SANTA INES,/remates/copa-bullrich-abril-14h/lotes,COPA BULLRICH ABRIL . 14h,10/04/2025,10/04/2025,bullrich,https://antoniobullrich.com//remates/copa-bullrich-abril-14h/lotes
MASQUENADA (FR),383791,MUHTATHIR (GB),MACARENA (GER),03may2005,Female,0.5120936,0.071383357,0.036554962,45,LA PASION,/remates/remate-de-yeguas-madres-firmamento-y-la-pasion-14h/lotes,REMATE DE YEGUAS MADRES - FIRMAMENTO Y LA PASION . 14h,27/03/2025,27/03/2025,bullrich,https://antoniobullrich.com//remates/remate-de-yeguas-madres-firmamento-y-la-pasion-14h/lotes
MASTER BOU,399960,MASTERCRAFTSMAN (IRE),BOUCLETTE GLORY,11sep2017,Female,0.62626123,0.11832809,0.074104294,46,LA PASION,/remates/remate-de-yeguas-madres-firmamento-y-la-pasion-14h/lotes,REMATE DE YEGUAS MADRES - FIRMAMENTO Y LA PASION . 14h,27/03/2025,27/03/2025,bullrich,https://antoniobullrich.com//remates/remate-de-yeguas-madres-firmamento-y-la-pasion-14h/lotes
MASTER SALE,401066,MASTERCRAFTSMAN (IRE),OPIUM SALE,07oct2017,Female,0.72438246,0.04782581,0.034644179,47,FIRMAMENTO,/remates/remate-de-yeguas-madres-firmamento-y-la-pasion-14h/lotes,REMATE DE YEGUAS MADRES - FIRMAMENTO Y LA PASION . 14h,27/03/2025,27/03/2025,bullrich,https://antoniobullrich.com//remates/remate-de-yeguas-madres-firmamento-y-la-pasion-14h/lotes
MELINDROSO,447394,DANIEL BOONE (BRZ),MIAMI QUEEN,27oct2023,Male,0.62033361,0.071500093,0.04435391,39,SANTA MARIA DE ARARAS,/remates/view/345,Haras SANTA MARIA DE ARARAS,10-04-2025,13-04-2025,argsales,https://arg-sales.com//remates/view/345
MI CHICO MATICO,441691,PNEUMATIC (USA),MI CHICA BONITA,11jul2023,Male,0.71383065,0.094088539,0.067163281,30,ABOLENGO,/remates/view/344,Haras ABOLENGO,06-04-2025,08-04-2025,argsales,https://arg-sales.com//remates/view/344
MILES AWAY,445016,FORTIFY (USA),MILLERA STRIPES,26aug2023,Female,0.62185162,0.056463465,0.035111897,36,VACACION,/remates/view/342,Haras VACACION,26-03-2025,29-03-2025,argsales,https://arg-sales.com//remates/view/342
MINAMI,443504,GOUVERNEUR MORRIS (USA),MISS PENN,25aug2023,Male,0.73187268,0.089735731,0.065675132,16,LA LEYENDA,/remates/copa-bullrich-abril-14h/lotes,COPA BULLRICH ABRIL . 14h,10/04/2025,10/04/2025,bullrich,https://antoniobullrich.com//remates/copa-bullrich-abril-14h/lotes
MIRADA DISTANTE,443795,FORTIFY (USA),MELODIA PAMPA,06sep2023,Male,0.65210718,0.05863883,0.038238801,23,VACACION,/remates/view/342,Haras VACACION,26-03-2025,29-03-2025,argsales,https://arg-sales.com//remates/view/342
MISTELA CROTTA,324787,EASING ALONG (USA),MOSCADA FILLY,23aug2012,Female,0.68459898,0.064214982,0.04396151,48,LA PASION,/remates/remate-de-yeguas-madres-firmamento-y-la-pasion-14h/lotes,REMATE DE YEGUAS MADRES - FIRMAMENTO Y LA PASION . 14h,27/03/2025,27/03/2025,bullrich,https://antoniobullrich.com//remates/remate-de-yeguas-madres-firmamento-y-la-pasion-14h/lotes
MOGUL,443477,COSMIC TRIGGER,MOON LADY,25aug2023,Male,0.60814339,0.05252102,0.031940311,47,ABOLENGO,/remates/view/344,Haras ABOLENGO,06-04-2025,08-04-2025,argsales,https://arg-sales.com//remates/view/344
MR. BOND,445454,UNCLE CHUCK (USA),MISS MONEYPENNY,24sep2023,Male,0.62425417,0.050586428,0.03157879,27,SANTA INES,/remates/copa-bullrich-abril-14h/lotes,COPA BULLRICH ABRIL . 14h,10/04/2025,10/04/2025,bullrich,https://antoniobullrich.com//remates/copa-bullrich-abril-14h/lotes
MUEQUITA NISTEL,299319,VAN NISTELROOY (USA),MUEQUITA FITZ,19sep2009,Female,0.6154424,0.099772319,0.061404116,49,FIRMAMENTO,/remates/remate-de-yeguas-madres-firmamento-y-la-pasion-14h/lotes,REMATE DE YEGUAS MADRES - FIRMAMENTO Y LA PASION . 14h,27/03/2025,27/03/2025,bullrich,https://antoniobullrich.com//remates/remate-de-yeguas-madres-firmamento-y-la-pasion-14h/lotes
NICARAGUA (USA),286532,BERNSTEIN (USA),NORTH DREAM,06mar2006,Female,0.48627028,0.1266823,0.061601836,50,LA PASION,/remates/remate-de-yeguas-madres-firmamento-y-la-pasion-14h/lotes,REMATE DE YEGUAS MADRES - FIRMAMENTO Y LA PASION . 14h,27/03/2025,27/03/2025,bullrich,https://antoniobullrich.com//remates/remate-de-yeguas-madres-firmamento-y-la-pasion-14h/lotes
NINETTE,444282,PNEUMATIC (USA),NIFTY,16sep2023,Female,0.5787394,0.058151145,0.033654358,46,ABOLENGO,/remates/view/344,Haras ABOLENGO,06-04-2025,08-04-2025,argsales,https://arg-sales.com//remates/view/344
NIÑO FELIZ,443833,EQUAL STRIPES,BURG ANIÑADA,11sep2023,Male,0.47355142,0.08539585,0.040439326,13,EL CHANAR,/remates/copa-bullrich-abril-14h/lotes,COPA BULLRICH ABRIL . 14h,10/04/2025,10/04/2025,bullrich,https://antoniobullrich.com//remates/copa-bullrich-abril-14h/lotes
NIÑO MATICO,442946,PNEUMATIC (USA),STORMY NIÑA,24aug2023,Male,0.68228036,0.098855995,0.067447506,36,ABOLENGO,/remates/view/344,Haras ABOLENGO,06-04-2025,08-04-2025,argsales,https://arg-sales.com//remates/view/344
NUNCA TAXI,445315,GOUVERNEUR MORRIS (USA),NINA BERNSTEIN,16oct2023,Male,0.72343594,0.1268055,0.091735654,5,LA LEYENDA,/remates/copa-bullrich-abril-14h/lotes,COPA BULLRICH ABRIL . 14h,10/04/2025,10/04/2025,bullrich,https://antoniobullrich.com//remates/copa-bullrich-abril-14h/lotes
O MAIS GRANDE,429731,REMOTE (GB),BIJOU EMPER,12oct2021,Male,0.73604739,0.10110648,0.074419163,2,FIRMAMENTO,/remates/venta-training-haras-firmamento-1/lotes,,,,,/remates/venta-training-haras-firmamento-1/lotes
OFUSCADOR,445900,DANIEL BOONE (BRZ),ORDEM UNIDA,29sep2023,Male,0.70704812,0.10378676,0.073382236,25,SANTA MARIA DE ARARAS,/remates/view/345,Haras SANTA MARIA DE ARARAS,10-04-2025,13-04-2025,argsales,https://arg-sales.com//remates/view/345
OLIMPIC RIM,430902,REMOTE (GB),OLIMPICA CATCH,04nov2021,Male,0.74574715,0.087030783,0.064902961,5,FIRMAMENTO,/remates/venta-training-haras-firmamento-1/lotes,,,,,/remates/venta-training-haras-firmamento-1/lotes
ONDA CHIC,315849,EASING ALONG (USA),ONDINA,11aug2011,Female,0.72339249,0.14364253,0.10390992,51,LA PASION,/remates/remate-de-yeguas-madres-firmamento-y-la-pasion-14h/lotes,REMATE DE YEGUAS MADRES - FIRMAMENTO Y LA PASION . 14h,27/03/2025,27/03/2025,bullrich,https://antoniobullrich.com//remates/remate-de-yeguas-madres-firmamento-y-la-pasion-14h/lotes
ORIGINAL BOY,444247,DANIEL BOONE (BRZ),ORIGINALIDAD,19sep2023,Male,0.72754067,0.073862918,0.053738277,24,SANTA MARIA DE ARARAS,/remates/view/345,Haras SANTA MARIA DE ARARAS,10-04-2025,13-04-2025,argsales,https://arg-sales.com//remates/view/345
ORTODOXA,444081,SOVEREIGN (IRE),SANTISIMA,22jul2023,Female,0.73967445,0.049738016,0.036789939,48,EL MALLIN,/remates/copa-bullrich-abril-14h/lotes,COPA BULLRICH ABRIL . 14h,10/04/2025,10/04/2025,bullrich,https://antoniobullrich.com//remates/copa-bullrich-abril-14h/lotes
OSTENTOSO,441765,DANIEL BOONE (BRZ),ORANGE AND GREEN,21jul2023,Male,0.6604079,0.13125482,0.086681724,20,SANTA MARIA DE ARARAS,/remates/view/345,Haras SANTA MARIA DE ARARAS,10-04-2025,13-04-2025,argsales,https://arg-sales.com//remates/view/345
OTIS BLUE,445460,UNCLE CHUCK (USA),ORPEN MOON,29sep2023,Male,0.681732,0.072082706,0.049141087,24,SANTA INES,/remates/copa-bullrich-abril-14h/lotes,COPA BULLRICH ABRIL . 14h,10/04/2025,10/04/2025,bullrich,https://antoniobullrich.com//remates/copa-bullrich-abril-14h/lotes
PALABRA SANTA,447204,FULL MAST (USA),PRICE TAG,27oct2023,Female,0.57167011,0.11400669,0.065174215,25,VACACION,/remates/view/342,Haras VACACION,26-03-2025,29-03-2025,argsales,https://arg-sales.com//remates/view/342
PALCO DE HONOR,442215,DADDY LONG LEGS (USA),PALMA DE ORO,03aug2023,Male,0.66712409,0.054885697,0.036615569,23,EL CHANAR,/remates/copa-bullrich-abril-14h/lotes,COPA BULLRICH ABRIL . 14h,10/04/2025,10/04/2025,bullrich,https://antoniobullrich.com//remates/copa-bullrich-abril-14h/lotes
PAMPLONNE,443791,FORTIFY (USA),PLAGE,04sep2023,Female,0.58543587,0.10661469,0.062416065,5,VACACION,/remates/view/342,Haras VACACION,26-03-2025,29-03-2025,argsales,https://arg-sales.com//remates/view/342
PAULEY,441688,DADDY LONG LEGS (USA),PAULETTE,09jul2023,Male,0.61990601,0.081639454,0.050608788,34,ABOLENGO,/remates/view/344,Haras ABOLENGO,06-04-2025,08-04-2025,argsales,https://arg-sales.com//remates/view/344
PAULO SIL,442626,TREASURE BEACH (GB),PAULINE'S,13aug2023,Male,0.6273312,0.049623996,0.031130681,51,ABOLENGO,/remates/view/344,Haras ABOLENGO,06-04-2025,08-04-2025,argsales,https://arg-sales.com//remates/view/344
PERISTALTICA,270635,INTERPRETE,PEDIFORM (USA),18jul2006,Female,0.75541979,0.10684996,0.080716573,52,LA PASION,/remates/remate-de-yeguas-madres-firmamento-y-la-pasion-14h/lotes,REMATE DE YEGUAS MADRES - FIRMAMENTO Y LA PASION . 14h,27/03/2025,27/03/2025,bullrich,https://antoniobullrich.com//remates/remate-de-yeguas-madres-firmamento-y-la-pasion-14h/lotes
PERUGIA EMPER,316762,EMPEROR JONES (USA),PERUGIA,01sep2011,Female,0.60960573,0.061583359,0.037541568,53,FIRMAMENTO,/remates/remate-de-yeguas-madres-firmamento-y-la-pasion-14h/lotes,REMATE DE YEGUAS MADRES - FIRMAMENTO Y LA PASION . 14h,27/03/2025,27/03/2025,bullrich,https://antoniobullrich.com//remates/remate-de-yeguas-madres-firmamento-y-la-pasion-14h/lotes
PINTON,445503,PNEUMATIC (USA),PIBA COMO VOS,02oct2023,Male,0.68005854,0.041542936,0.028251629,20,EL CHANAR,/remates/copa-bullrich-abril-14h/lotes,COPA BULLRICH ABRIL . 14h,10/04/2025,10/04/2025,bullrich,https://antoniobullrich.com//remates/copa-bullrich-abril-14h/lotes
POKER STAR,443481,COSMIC TRIGGER,POKER LADY,26aug2023,Female,0.47791606,0.057059992,0.027269887,12,ABOLENGO,/remates/view/344,Haras ABOLENGO,06-04-2025,08-04-2025,argsales,https://arg-sales.com//remates/view/344
POLACCA,361557,EASING ALONG (USA),PALPITACION,27sep2016,Female,0.70177621,0.093289331,0.065468229,54,LA PASION,/remates/remate-de-yeguas-madres-firmamento-y-la-pasion-14h/lotes,REMATE DE YEGUAS MADRES - FIRMAMENTO Y LA PASION . 14h,27/03/2025,27/03/2025,bullrich,https://antoniobullrich.com//remates/remate-de-yeguas-madres-firmamento-y-la-pasion-14h/lotes
PORRERA,427546,EQUAL STRIPES,FORTEZZA,25aug2021,Female,0.56729829,0.034364186,0.019494744,55,LA PASION,/remates/remate-de-yeguas-madres-firmamento-y-la-pasion-14h/lotes,REMATE DE YEGUAS MADRES - FIRMAMENTO Y LA PASION . 14h,27/03/2025,27/03/2025,bullrich,https://antoniobullrich.com//remates/remate-de-yeguas-madres-firmamento-y-la-pasion-14h/lotes
POTRI JAZZ (USA),286520,SMART STRIKE (CAN),JAZZ TRADITION (USA),13apr2006,Female,0.51839846,0.1105977,0.057333678,56,LA PASION,/remates/remate-de-yeguas-madres-firmamento-y-la-pasion-14h/lotes,REMATE DE YEGUAS MADRES - FIRMAMENTO Y LA PASION . 14h,27/03/2025,27/03/2025,bullrich,https://antoniobullrich.com//remates/remate-de-yeguas-madres-firmamento-y-la-pasion-14h/lotes
PUEBLO MIO,443491,EQUAL STRIPES,PALI AIKE,30aug2023,Male,0.45676547,0.05552727,0.025362941,27,ABOLENGO,/remates/view/344,Haras ABOLENGO,06-04-2025,08-04-2025,argsales,https://arg-sales.com//remates/view/344
PUNCH BOY,444245,DANIEL BOONE (BRZ),PERSONAL DOT,19sep2023,Male,0.61631459,0.13310397,0.082033917,15,SANTA MARIA DE ARARAS,/remates/view/345,Haras SANTA MARIA DE ARARAS,10-04-2025,13-04-2025,argsales,https://arg-sales.com//remates/view/345
PUNTERA SIEMPRE,442287,EQUAL STRIPES,PUNTERA RYE,29jul2023,Female,0.42195076,0.048442766,0.020440461,54,ABOLENGO,/remates/view/344,Haras ABOLENGO,06-04-2025,08-04-2025,argsales,https://arg-sales.com//remates/view/344
PUSSYCAT DOLL,287230,MUTAKDDIM (USA),THECATINTHESPAT (USA),02jul2008,Female,0.77045077,0.069279552,0.053376485,57,LA PASION,/remates/remate-de-yeguas-madres-firmamento-y-la-pasion-14h/lotes,REMATE DE YEGUAS MADRES - FIRMAMENTO Y LA PASION . 14h,27/03/2025,27/03/2025,bullrich,https://antoniobullrich.com//remates/remate-de-yeguas-madres-firmamento-y-la-pasion-14h/lotes
QUALICK,445910,DANIEL BOONE (BRZ),QUEEN KELLY,06oct2023,Male,0.6565147,0.097367235,0.063923024,10,SANTA MARIA DE ARARAS,/remates/view/345,Haras SANTA MARIA DE ARARAS,10-04-2025,13-04-2025,argsales,https://arg-sales.com//remates/view/345
QUANDO QUERO,447383,DANIEL BOONE (BRZ),QUINDICI (USA),18oct2023,Male,0.62816238,0.11255486,0.070702724,5,SANTA MARIA DE ARARAS,/remates/view/345,Haras SANTA MARIA DE ARARAS,10-04-2025,13-04-2025,argsales,https://arg-sales.com//remates/view/345
QUARTERBACK,443369,HIT IT A BOMB (USA),QUATRO FOLHAS,19aug2023,Male,0.75325418,0.10095649,0.076045901,41,SANTA MARIA DE ARARAS,/remates/view/345,Haras SANTA MARIA DE ARARAS,10-04-2025,13-04-2025,argsales,https://arg-sales.com//remates/view/345
QUARTZ MAN,445906,DANIEL BOONE (BRZ),QUEEN PLUM,03oct2023,Male,0.67762393,0.16229913,0.10997777,11,SANTA MARIA DE ARARAS,/remates/view/345,Haras SANTA MARIA DE ARARAS,10-04-2025,13-04-2025,argsales,https://arg-sales.com//remates/view/345
QUE FORTE,441769,FORTIFY (USA),QUE BELLA NOCHE,25jul2023,Male,0.64907384,0.1690468,0.10972386,1,SANTA MARIA DE ARARAS,/remates/view/345,Haras SANTA MARIA DE ARARAS,10-04-2025,13-04-2025,argsales,https://arg-sales.com//remates/view/345
QUE TANGACHO,445901,DANIEL BOONE (BRZ),QUE SEJA DOCE,30sep2023,Male,0.5650636,0.067962587,0.038403183,26,SANTA MARIA DE ARARAS,/remates/view/345,Haras SANTA MARIA DE ARARAS,10-04-2025,13-04-2025,argsales,https://arg-sales.com//remates/view/345
QUEEN SLAM,280959,GRAND SLAM (USA),QUEEN WONDER,04sep2007,Female,0.70097238,0.070589453,0.049481258,58,FIRMAMENTO,/remates/remate-de-yeguas-madres-firmamento-y-la-pasion-14h/lotes,REMATE DE YEGUAS MADRES - FIRMAMENTO Y LA PASION . 14h,27/03/2025,27/03/2025,bullrich,https://antoniobullrich.com//remates/remate-de-yeguas-madres-firmamento-y-la-pasion-14h/lotes
QUEEN'S BANQUET,442758,DANIEL BOONE (BRZ),QUEEN DALILLA,28jul2023,Female,0.64333618,0.062542573,0.040235899,8,SANTA MARIA DE ARARAS,/remates/view/345,Haras SANTA MARIA DE ARARAS,10-04-2025,13-04-2025,argsales,https://arg-sales.com//remates/view/345
QUEMOSIS,444237,DANIEL BOONE (BRZ),QUICK SHE GO,08sep2023,Female,0.49657971,0.04629381,0.022988567,17,SANTA MARIA DE ARARAS,/remates/view/345,Haras SANTA MARIA DE ARARAS,10-04-2025,13-04-2025,argsales,https://arg-sales.com//remates/view/345
QUICK SMILE,442102,FORTIFY (USA),QUISCA,04aug2023,Female,0.62990278,0.080544062,0.05073493,29,VACACION,/remates/view/342,Haras VACACION,26-03-2025,29-03-2025,argsales,https://arg-sales.com//remates/view/342
RACE TRACK,447207,FORTIFY (USA),ROMAN LIBERTAS,01nov2023,Male,0.65820324,0.12038199,0.079235815,10,VACACION,/remates/view/342,Haras VACACION,26-03-2025,29-03-2025,argsales,https://arg-sales.com//remates/view/342
RAINERA,418312,BODEMEISTER (USA),RADICAL LADY,28oct2019,Female,0.68705857,0.041887678,0.028779289,59,LA PASION,/remates/remate-de-yeguas-madres-firmamento-y-la-pasion-14h/lotes,REMATE DE YEGUAS MADRES - FIRMAMENTO Y LA PASION . 14h,27/03/2025,27/03/2025,bullrich,https://antoniobullrich.com//remates/remate-de-yeguas-madres-firmamento-y-la-pasion-14h/lotes
RAVISHING LOVE,316795,LIZARD ISLAND (USA),RAHY'S DARLIN (USA),18sep2011,Female,0.75864387,0.083963633,0.063698493,60,LA PASION,/remates/remate-de-yeguas-madres-firmamento-y-la-pasion-14h/lotes,REMATE DE YEGUAS MADRES - FIRMAMENTO Y LA PASION . 14h,27/03/2025,27/03/2025,bullrich,https://antoniobullrich.com//remates/remate-de-yeguas-madres-firmamento-y-la-pasion-14h/lotes
REGU,442935,PNEUMATIC (USA),REFINED WITH GLORY,19aug2023,Male,0.63488519,0.13486533,0.085624002,17,ABOLENGO,/remates/view/344,Haras ABOLENGO,06-04-2025,08-04-2025,argsales,https://arg-sales.com//remates/view/344
REINA MATIC,444033,PNEUMATIC (USA),JOY REA,11sep2023,Female,0.48444408,0.01173704,0.0056859395,37,EL ARROYO,/remates/copa-bullrich-abril-14h/lotes,COPA BULLRICH ABRIL . 14h,10/04/2025,10/04/2025,bullrich,https://antoniobullrich.com//remates/copa-bullrich-abril-14h/lotes
REMEMBER HIT,427563,HIT IT A BOMB (USA),HALO HOLIDAY,20aug2021,Male,0.82311946,0.23526467,0.19365093,3,FIRMAMENTO,/remates/venta-training-haras-firmamento-1/lotes,,,,,/remates/venta-training-haras-firmamento-1/lotes
RIKI,445351,STORM EMBRUJADO,RED HOTSCAT'N (USA),13oct2023,Female,0.51425451,0.050909504,0.026180442,38,LA LEYENDA,/remates/copa-bullrich-abril-14h/lotes,COPA BULLRICH ABRIL . 14h,10/04/2025,10/04/2025,bullrich,https://antoniobullrich.com//remates/copa-bullrich-abril-14h/lotes
ROSICA,445437,FORTIFY (USA),THE ROSY,11oct2023,Female,0.56169283,0.11593381,0.065119192,7,ABOLENGO,/remates/view/344,Haras ABOLENGO,06-04-2025,08-04-2025,argsales,https://arg-sales.com//remates/view/344
RUDD,414055,LIZARD ISLAND (USA),RESTRAIN (USA),15aug2019,Female,0.78858835,0.048386104,0.038156718,61,LA PASION,/remates/remate-de-yeguas-madres-firmamento-y-la-pasion-14h/lotes,REMATE DE YEGUAS MADRES - FIRMAMENTO Y LA PASION . 14h,27/03/2025,27/03/2025,bullrich,https://antoniobullrich.com//remates/remate-de-yeguas-madres-firmamento-y-la-pasion-14h/lotes
SABER DECIR,444423,CITYSCAPE (GB),SKYMPY,20sep2023,Female,0.57845235,0.097237162,0.056247067,35,VACACION,/remates/view/342,Haras VACACION,26-03-2025,29-03-2025,argsales,https://arg-sales.com//remates/view/342
SAKURA TREE,447375,DANIEL BOONE (BRZ),SAY SARAH,13oct2023,Female,0.584966,0.049591396,0.029009281,46,SANTA MARIA DE ARARAS,/remates/view/345,Haras SANTA MARIA DE ARARAS,10-04-2025,13-04-2025,argsales,https://arg-sales.com//remates/view/345
SAKURA'S MOON,445890,JAPAN (USA),SAVANNAH'S MOON,26sep2023,Female,0.5206542,0.043026939,0.022402156,47,SANTA MARIA DE ARARAS,/remates/view/345,Haras SANTA MARIA DE ARARAS,10-04-2025,13-04-2025,argsales,https://arg-sales.com//remates/view/345
SALVATTISTA,441763,DANIEL BOONE (BRZ),SALVA DI APPLAUSI,18jul2023,Male,0.64290732,0.089529492,0.057559166,9,SANTA MARIA DE ARARAS,/remates/view/345,Haras SANTA MARIA DE ARARAS,10-04-2025,13-04-2025,argsales,https://arg-sales.com//remates/view/345
SAM BUSHIDO,445128,PNEUMATIC (USA),SAMBULLIDA,30sep2023,Male,0.65123928,0.082821734,0.053936765,13,ABOLENGO,/remates/view/344,Haras ABOLENGO,06-04-2025,08-04-2025,argsales,https://arg-sales.com//remates/view/344
SAMMI BOMB,443372,HIT IT A BOMB (USA),SANTA SABINA,04aug2023,Female,0.515064,0.067138746,0.034580752,37,SANTA MARIA DE ARARAS,/remates/view/345,Haras SANTA MARIA DE ARARAS,10-04-2025,13-04-2025,argsales,https://arg-sales.com//remates/view/345
SARRACENO,441695,DADDY LONG LEGS (USA),SERINE,14jul2023,Male,0.68368864,0.10496366,0.071762465,10,ABOLENGO,/remates/view/344,Haras ABOLENGO,06-04-2025,08-04-2025,argsales,https://arg-sales.com//remates/view/344
SAYUMI,442934,PNEUMATIC (USA),SA TALAIA,19aug2023,Female,0.64188302,0.10651018,0.068367079,4,ABOLENGO,/remates/view/344,Haras ABOLENGO,06-04-2025,08-04-2025,argsales,https://arg-sales.com//remates/view/344
SCOOTALOO,410421,CATCHER IN THE RYE (IRE),STORMY NINGUNA,25oct2018,Female,0.66069305,0.039486125,0.026088208,62,LA PASION,/remates/remate-de-yeguas-madres-firmamento-y-la-pasion-14h/lotes,REMATE DE YEGUAS MADRES - FIRMAMENTO Y LA PASION . 14h,27/03/2025,27/03/2025,bullrich,https://antoniobullrich.com//remates/remate-de-yeguas-madres-firmamento-y-la-pasion-14h/lotes
SERBIO,444084,SOVEREIGN (IRE),MISS SEITER,30jul2023,Male,0.7900489,0.097476222,0.077010982,8,EL MALLIN,/remates/copa-bullrich-abril-14h/lotes,COPA BULLRICH ABRIL . 14h,10/04/2025,10/04/2025,bullrich,https://antoniobullrich.com//remates/copa-bullrich-abril-14h/lotes
SEVEN STARS,442760,HIT IT A BOMB (USA),SAFONA,03aug2023,Female,0.63711464,0.11439925,0.072885439,45,SANTA MARIA DE ARARAS,/remates/view/345,Haras SANTA MARIA DE ARARAS,10-04-2025,13-04-2025,argsales,https://arg-sales.com//remates/view/345
SHANI,445031,GOUVERNEUR MORRIS (USA),SHERAH,16sep2023,Female,0.58053786,0.048439123,0.028120745,14,SANTA INES,/remates/copa-bullrich-abril-14h/lotes,COPA BULLRICH ABRIL . 14h,10/04/2025,10/04/2025,bullrich,https://antoniobullrich.com//remates/copa-bullrich-abril-14h/lotes
SHY SIMONA,406767,HURRICANE CAT (USA),SHY CANDELA,13aug2018,Female,0.72703326,0.06840723,0.049734332,63,LA PASION,/remates/remate-de-yeguas-madres-firmamento-y-la-pasion-14h/lotes,REMATE DE YEGUAS MADRES - FIRMAMENTO Y LA PASION . 14h,27/03/2025,27/03/2025,bullrich,https://antoniobullrich.com//remates/remate-de-yeguas-madres-firmamento-y-la-pasion-14h/lotes
SHYGALA,441742,FORTIFY (USA),SKY WITH STARS,07jul2023,Female,0.62551069,0.085161991,0.053269736,22,VACACION,/remates/view/342,Haras VACACION,26-03-2025,29-03-2025,argsales,https://arg-sales.com//remates/view/342
SIEMPRE CONTENTA,442672,HI HAPPY,SIEMPRE SONRIENTE,14aug2023,Female,0.62842757,0.091760233,0.057664659,41,VACACION,/remates/view/342,Haras VACACION,26-03-2025,29-03-2025,argsales,https://arg-sales.com//remates/view/342
SIEMPRE EN VENTA,448234,SOVEREIGN (IRE),MARIAISNOTFORSALE,22sep2023,Male,0.61699682,0.022479225,0.013869611,43,EL MALLIN,/remates/copa-bullrich-abril-14h/lotes,COPA BULLRICH ABRIL . 14h,10/04/2025,10/04/2025,bullrich,https://antoniobullrich.com//remates/copa-bullrich-abril-14h/lotes
SIMPLE DESEO,441815,UNCLE CHUCK (USA),SIGGY,27jul2023,Male,0.72713637,0.090476781,0.065788962,49,VACACION,/remates/view/342,Haras VACACION,26-03-2025,29-03-2025,argsales,https://arg-sales.com//remates/view/342
SIN LIMITES,441692,TREASURE BEACH (GB),SIN FRONTERAS,12jul2023,Male,0.60378915,0.054963708,0.033186492,18,ABOLENGO,/remates/view/344,Haras ABOLENGO,06-04-2025,08-04-2025,argsales,https://arg-sales.com//remates/view/344
SIN TU AMOR,443813,FORTIFY (USA),STORMY VAGUENESS,27aug2023,Male,0.68485564,0.1266177,0.086714849,24,VACACION,/remates/view/342,Haras VACACION,26-03-2025,29-03-2025,argsales,https://arg-sales.com//remates/view/342
SIR LUIGI,443371,DANIEL BOONE (BRZ),SERENITY QUEEN,27aug2023,Male,0.76259142,0.084896423,0.064741284,12,SANTA MARIA DE ARARAS,/remates/view/345,Haras SANTA MARIA DE ARARAS,10-04-2025,13-04-2025,argsales,https://arg-sales.com//remates/view/345
SLAVO,441637,SEÑOR CANDY (USA),SLOVENCA,20jul2023,Male,0.56818372,0.016249763,0.0092328507,35,EL ARROYO,/remates/copa-bullrich-abril-14h/lotes,COPA BULLRICH ABRIL . 14h,10/04/2025,10/04/2025,bullrich,https://antoniobullrich.com//remates/copa-bullrich-abril-14h/lotes
SOBERANO BOONE,447382,DANIEL BOONE (BRZ),SALZBURG QUEEN,17oct2023,Male,0.6733284,0.050355021,0.033905465,13,SANTA MARIA DE ARARAS,/remates/view/345,Haras SANTA MARIA DE ARARAS,10-04-2025,13-04-2025,argsales,https://arg-sales.com//remates/view/345
SOBERBIA NOCHE,447007,SOVEREIGN (IRE),RED KNIGHT,15aug2023,Female,0.53367352,0.035097897,0.018730819,30,EL MALLIN,/remates/copa-bullrich-abril-14h/lotes,COPA BULLRICH ABRIL . 14h,10/04/2025,10/04/2025,bullrich,https://antoniobullrich.com//remates/copa-bullrich-abril-14h/lotes
SOY ROMANTICO,444422,FORTIFY (USA),SERENATA ROMANTICA,19sep2023,Male,0.62863672,0.059363361,0.037317988,37,VACACION,/remates/view/342,Haras VACACION,26-03-2025,29-03-2025,argsales,https://arg-sales.com//remates/view/342
SPRING CHARM,441811,CITYSCAPE (GB),SPRING CLUB,25jul2023,Female,0.53509647,0.088508807,0.047360752,47,VACACION,/remates/view/342,Haras VACACION,26-03-2025,29-03-2025,argsales,https://arg-sales.com//remates/view/342
STARRY MISS,300237,SOUTHERN HALO (USA),STAR BROWN,17sep2009,Female,0.67500091,0.13994494,0.094462961,64,FIRMAMENTO,/remates/remate-de-yeguas-madres-firmamento-y-la-pasion-14h/lotes,REMATE DE YEGUAS MADRES - FIRMAMENTO Y LA PASION . 14h,27/03/2025,27/03/2025,bullrich,https://antoniobullrich.com//remates/remate-de-yeguas-madres-firmamento-y-la-pasion-14h/lotes
STAY TUNE,445616,FORTIFY (USA),STAY IN THE GLORY,22sep2023,Male,0.68324965,0.10412872,0.071145907,7,VACACION,/remates/view/342,Haras VACACION,26-03-2025,29-03-2025,argsales,https://arg-sales.com//remates/view/342
STOP THINKING,442283,TREASURE BEACH (GB),STALKER GIRL,24jul2023,Male,0.58580905,0.043230031,0.025324544,60,ABOLENGO,/remates/view/344,Haras ABOLENGO,06-04-2025,08-04-2025,argsales,https://arg-sales.com//remates/view/344
STORMY BOY,443489,PNEUMATIC (USA),STORMY CONVICTA,30aug2023,Male,0.66588014,0.079083115,0.052659877,41,ABOLENGO,/remates/view/344,Haras ABOLENGO,06-04-2025,08-04-2025,argsales,https://arg-sales.com//remates/view/344
STORMY UNCLE,441812,UNCLE CHUCK (USA),STORMY CHISTOSA,26jul2023,Male,0.72503918,0.085458994,0.061961118,54,VACACION,/remates/view/342,Haras VACACION,26-03-2025,29-03-2025,argsales,https://arg-sales.com//remates/view/342
STORMY WEATHER,441778,UNCLE CHUCK (USA),STORMY LUNAR,18jul2023,Male,0.74560243,0.10960725,0.081723429,34,VACACION,/remates/view/342,Haras VACACION,26-03-2025,29-03-2025,argsales,https://arg-sales.com//remates/view/342
SUMMER SEASON,444427,CITYSCAPE (GB),SOPHISTIQUE,21sep2023,Male,0.63668108,0.12567188,0.08001291,45,VACACION,/remates/view/342,Haras VACACION,26-03-2025,29-03-2025,argsales,https://arg-sales.com//remates/view/342
SUSQUEÑA,441761,DANIEL BOONE (BRZ),SUBLIMACION,15jul2023,Female,0.52094948,0.17975606,0.093643829,27,SANTA MARIA DE ARARAS,/remates/view/345,Haras SANTA MARIA DE ARARAS,10-04-2025,13-04-2025,argsales,https://arg-sales.com//remates/view/345
SYNDRA,443790,FORTIFY (USA),SAUDI GIRL,03sep2023,Female,0.63188899,0.12071641,0.076279372,11,VACACION,/remates/view/342,Haras VACACION,26-03-2025,29-03-2025,argsales,https://arg-sales.com//remates/view/342
TABA IS BACK (USA),286540,PULPIT (USA),TABA STAR (USA),19apr2007,Female,0.50796831,0.085375905,0.043368254,65,LA PASION,/remates/remate-de-yeguas-madres-firmamento-y-la-pasion-14h/lotes,REMATE DE YEGUAS MADRES - FIRMAMENTO Y LA PASION . 14h,27/03/2025,27/03/2025,bullrich,https://antoniobullrich.com//remates/remate-de-yeguas-madres-firmamento-y-la-pasion-14h/lotes
TABLIT,443373,HIT IT A BOMB (USA),TAIKA,05aug2023,Female,0.50157565,0.073787071,0.037009798,48,SANTA MARIA DE ARARAS,/remates/view/345,Haras SANTA MARIA DE ARARAS,10-04-2025,13-04-2025,argsales,https://arg-sales.com//remates/view/345
TAKE ONE,447391,JAPAN (USA),TAKEN AWAY (BRZ),28oct2023,Male,0.62075567,0.096204862,0.059719715,35,SANTA MARIA DE ARARAS,/remates/view/345,Haras SANTA MARIA DE ARARAS,10-04-2025,13-04-2025,argsales,https://arg-sales.com//remates/view/345
TALK TO ME,442105,FORTIFY (USA),TODA UNA SEÑORA,05aug2023,Male,0.72494996,0.074636765,0.054107919,17,VACACION,/remates/view/342,Haras VACACION,26-03-2025,29-03-2025,argsales,https://arg-sales.com//remates/view/342
TAN ALEGRE,302544,SOUTHERN HALO (USA),ALEGRIA MIA,08oct2009,Female,0.69055241,0.067496635,0.046609964,66,FIRMAMENTO,/remates/remate-de-yeguas-madres-firmamento-y-la-pasion-14h/lotes,REMATE DE YEGUAS MADRES - FIRMAMENTO Y LA PASION . 14h,27/03/2025,27/03/2025,bullrich,https://antoniobullrich.com//remates/remate-de-yeguas-madres-firmamento-y-la-pasion-14h/lotes
TAN FELIZ,446562,UNCLE CHUCK (USA),TRIGORIA,19oct2023,Male,0.64444065,0.11823978,0.076198526,51,VACACION,/remates/view/342,Haras VACACION,26-03-2025,29-03-2025,argsales,https://arg-sales.com//remates/view/342
TAREA DIFICIL,441810,FORTIFY (USA),TRILOGIQUE,23jul2023,Female,0.62727058,0.095709674,0.060035862,9,VACACION,/remates/view/342,Haras VACACION,26-03-2025,29-03-2025,argsales,https://arg-sales.com//remates/view/342
TAREA FACIL,443796,FORTIFY (USA),TEMIDA RYE,07sep2023,Female,0.60795355,0.06884934,0.041857202,8,VACACION,/remates/view/342,Haras VACACION,26-03-2025,29-03-2025,argsales,https://arg-sales.com//remates/view/342
TAREA SIMPLE,444417,UNCLE CHUCK (USA),TAMARIU,17sep2023,Female,0.56783658,0.075375997,0.04280125,48,VACACION,/remates/view/342,Haras VACACION,26-03-2025,29-03-2025,argsales,https://arg-sales.com//remates/view/342
TATTO BLACK,441766,DANIEL BOONE (BRZ),TATTOUM,21jul2023,Male,0.7007162,0.10556891,0.073973842,30,SANTA MARIA DE ARARAS,/remates/view/345,Haras SANTA MARIA DE ARARAS,10-04-2025,13-04-2025,argsales,https://arg-sales.com//remates/view/345
TAX FREE,444420,TREASURE BEACH (GB),TIMBERLINE,19sep2023,Male,0.6429134,0.11536244,0.074168056,32,VACACION,/remates/view/342,Haras VACACION,26-03-2025,29-03-2025,argsales,https://arg-sales.com//remates/view/342
TEAM VIOLET,444542,DANIEL BOONE (BRZ),TALK OF ANGELS,05sep2023,Female,0.62856406,0.05770772,0.036272999,36,SANTA MARIA DE ARARAS,/remates/view/345,Haras SANTA MARIA DE ARARAS,10-04-2025,13-04-2025,argsales,https://arg-sales.com//remates/view/345
TELEGRAM,444085,SOVEREIGN (IRE),WHATSAPEAME,04aug2023,Male,0.70719498,0.044827599,0.031701852,39,EL MALLIN,/remates/copa-bullrich-abril-14h/lotes,COPA BULLRICH ABRIL . 14h,10/04/2025,10/04/2025,bullrich,https://antoniobullrich.com//remates/copa-bullrich-abril-14h/lotes
TENAZ SOY,442284,EQUAL STRIPES,TENACEA,24jul2023,Female,0.43889898,0.035000727,0.015361783,32,ABOLENGO,/remates/view/344,Haras ABOLENGO,06-04-2025,08-04-2025,argsales,https://arg-sales.com//remates/view/344
TENER RESPETO,444416,CITYSCAPE (GB),TRASPARENZA,15sep2023,Male,0.49028513,0.10464953,0.051308107,42,VACACION,/remates/view/342,Haras VACACION,26-03-2025,29-03-2025,argsales,https://arg-sales.com//remates/view/342
THUNDER BAMBA,282272,THUNDER GULCH (USA),BAMBA FITZ,24sep2007,Female,0.63474178,0.18454191,0.11713646,67,FIRMAMENTO,/remates/remate-de-yeguas-madres-firmamento-y-la-pasion-14h/lotes,REMATE DE YEGUAS MADRES - FIRMAMENTO Y LA PASION . 14h,27/03/2025,27/03/2025,bullrich,https://antoniobullrich.com//remates/remate-de-yeguas-madres-firmamento-y-la-pasion-14h/lotes
TIERNA MIRADA,441783,FORTIFY (USA),THURMAN,21jul2023,Female,0.64659888,0.062822714,0.040621098,21,VACACION,/remates/view/342,Haras VACACION,26-03-2025,29-03-2025,argsales,https://arg-sales.com//remates/view/342
TIKTOKERA,443619,PNEUMATIC (USA),TESALICA,28aug2023,Female,0.46241578,0.020302663,0.0093882717,57,ABOLENGO,/remates/view/344,Haras ABOLENGO,06-04-2025,08-04-2025,argsales,https://arg-sales.com//remates/view/344
TINCHINIO,445491,SOVEREIGN (IRE),TONINHA,29sep2023,Male,0.7738623,0.056037113,0.043365009,33,EL MALLIN,/remates/copa-bullrich-abril-14h/lotes,COPA BULLRICH ABRIL . 14h,10/04/2025,10/04/2025,bullrich,https://antoniobullrich.com//remates/copa-bullrich-abril-14h/lotes
TINTA CHINA (USA),374284,ENGLISH CHANNEL (USA),TING A FOLIE,01mar2009,Female,0.61185408,0.15492116,0.09478914,68,LA PASION,/remates/remate-de-yeguas-madres-firmamento-y-la-pasion-14h/lotes,REMATE DE YEGUAS MADRES - FIRMAMENTO Y LA PASION . 14h,27/03/2025,27/03/2025,bullrich,https://antoniobullrich.com//remates/remate-de-yeguas-madres-firmamento-y-la-pasion-14h/lotes
TIZNOW FOREVER,432367,MIDSHIPMAN (USA),TIZ FOREVER (USA),20mar2021,Male,0.62062484,0.11107607,0.068936571,1,FIRMAMENTO,/remates/venta-training-haras-firmamento-1/lotes,,,,,/remates/venta-training-haras-firmamento-1/lotes
TOULOUSE,443370,DANIEL BOONE (BRZ),TATIE QUEEN,20aug2023,Male,0.68623483,0.10386509,0.071275838,14,SANTA MARIA DE ARARAS,/remates/view/345,Haras SANTA MARIA DE ARARAS,10-04-2025,13-04-2025,argsales,https://arg-sales.com//remates/view/345
TROVATORE,445905,DANIEL BOONE (BRZ),TRI BACANA (USA),02oct2023,Male,0.63853359,0.079486124,0.050754562,29,SANTA MARIA DE ARARAS,/remates/view/345,Haras SANTA MARIA DE ARARAS,10-04-2025,13-04-2025,argsales,https://arg-sales.com//remates/view/345
TRUCO GALLO,445896,FORTIFY (USA),TROPEADORA,27sep2023,Male,0.61981368,0.17143972,0.10626069,2,SANTA MARIA DE ARARAS,/remates/view/345,Haras SANTA MARIA DE ARARAS,10-04-2025,13-04-2025,argsales,https://arg-sales.com//remates/view/345
TRUMAN CAPOTE,447000,NICHOLAS,GOLIGHTLY,17sep2023,Male,0.52756059,0.023436246,0.01236404,52,EL MALLIN,/remates/copa-bullrich-abril-14h/lotes,COPA BULLRICH ABRIL . 14h,10/04/2025,10/04/2025,bullrich,https://antoniobullrich.com//remates/copa-bullrich-abril-14h/lotes
TU MISMA,441776,UNCLE CHUCK (USA),TIMBORERA,16jul2023,Female,0.65376031,0.074221954,0.048523366,44,VACACION,/remates/view/342,Haras VACACION,26-03-2025,29-03-2025,argsales,https://arg-sales.com//remates/view/342
TWEEDY GUY,442774,UNCLE CHUCK (USA),TWEEDY LADY,30jul2023,Male,0.67432982,0.067980126,0.045841027,11,SANTA INES,/remates/copa-bullrich-abril-14h/lotes,COPA BULLRICH ABRIL . 14h,10/04/2025,10/04/2025,bullrich,https://antoniobullrich.com//remates/copa-bullrich-abril-14h/lotes
UN RELAMPAGO,443831,TREASURE BEACH (GB),UNA DIOSA,27aug2023,Male,0.5829137,0.054376725,0.031696938,9,EL CHANAR,/remates/copa-bullrich-abril-14h/lotes,COPA BULLRICH ABRIL . 14h,10/04/2025,10/04/2025,bullrich,https://antoniobullrich.com//remates/copa-bullrich-abril-14h/lotes
UNA BANDA,447010,SOVEREIGN (IRE),UNA BOCHA,11oct2023,Female,0.69745976,0.065244608,0.045505486,44,EL MALLIN,/remates/copa-bullrich-abril-14h/lotes,COPA BULLRICH ABRIL . 14h,10/04/2025,10/04/2025,bullrich,https://antoniobullrich.com//remates/copa-bullrich-abril-14h/lotes
UNICA PASION,442181,CITYSCAPE (GB),UNA SEÑORA,06aug2023,Female,0.63345122,0.070050009,0.044373263,39,VACACION,/remates/view/342,Haras VACACION,26-03-2025,29-03-2025,argsales,https://arg-sales.com//remates/view/342
UNICA SANTA,420340,SANTILLANO,UNBRIDLED IDOL (USA),11aug2020,Female,0.70642102,0.025747597,0.018188644,69,LA PASION,/remates/remate-de-yeguas-madres-firmamento-y-la-pasion-14h/lotes,REMATE DE YEGUAS MADRES - FIRMAMENTO Y LA PASION . 14h,27/03/2025,27/03/2025,bullrich,https://antoniobullrich.com//remates/remate-de-yeguas-madres-firmamento-y-la-pasion-14h/lotes
UNNA GENIA,442943,PNEUMATIC (USA),UCRANIAN GIRL,23aug2023,Female,0.62635946,0.039629154,0.024822095,33,ABOLENGO,/remates/view/344,Haras ABOLENGO,06-04-2025,08-04-2025,argsales,https://arg-sales.com//remates/view/344
VAE SOLI,447387,DANIEL BOONE (BRZ),VISION OF MOON,19oct2023,Male,0.61596978,0.11626837,0.071617797,31,SANTA MARIA DE ARARAS,/remates/view/345,Haras SANTA MARIA DE ARARAS,10-04-2025,13-04-2025,argsales,https://arg-sales.com//remates/view/345
VERTIGINOSO,447381,JAPAN (USA),VIVA LAS VEGAS,15oct2023,Male,0.65434647,0.040358853,0.026408672,42,SANTA MARIA DE ARARAS,/remates/view/345,Haras SANTA MARIA DE ARARAS,10-04-2025,13-04-2025,argsales,https://arg-sales.com//remates/view/345
VETTORA,343416,EQUAL STRIPES,STORMY VENTURADA,28aug2014,Female,0.67112416,0.060020376,0.040281124,70,LA PASION,/remates/remate-de-yeguas-madres-firmamento-y-la-pasion-14h/lotes,REMATE DE YEGUAS MADRES - FIRMAMENTO Y LA PASION . 14h,27/03/2025,27/03/2025,bullrich,https://antoniobullrich.com//remates/remate-de-yeguas-madres-firmamento-y-la-pasion-14h/lotes
VIL BOMB,430784,HIT IT A BOMB (USA),STORMY VIL,19oct2021,Female,0.70320964,0.086966313,0.06115555,6,FIRMAMENTO,/remates/venta-training-haras-firmamento-1/lotes,,,,,/remates/venta-training-haras-firmamento-1/lotes
VIVANTA (IRE),389592,INVINCIBLE SPIRIT (IRE),VADORGA,16apr2011,Female,0.25519115,0.076294497,0.01946968,71,LA PASION,/remates/remate-de-yeguas-madres-firmamento-y-la-pasion-14h/lotes,REMATE DE YEGUAS MADRES - FIRMAMENTO Y LA PASION . 14h,27/03/2025,27/03/2025,bullrich,https://antoniobullrich.com//remates/remate-de-yeguas-madres-firmamento-y-la-pasion-14h/lotes
VIVIR EN PAZ,445453,FORTIFY (USA),VITOLIA,14sep2023,Male,0.72592092,0.1468745,0.10661928,28,VACACION,/remates/view/342,Haras VACACION,26-03-2025,29-03-2025,argsales,https://arg-sales.com//remates/view/342
VOLKOVA,315048,EASING ALONG (USA),VLYTAVA,22aug2011,Female,0.78653783,0.091342621,0.071844429,72,LA PASION,/remates/remate-de-yeguas-madres-firmamento-y-la-pasion-14h/lotes,REMATE DE YEGUAS MADRES - FIRMAMENTO Y LA PASION . 14h,27/03/2025,27/03/2025,bullrich,https://antoniobullrich.com//remates/remate-de-yeguas-madres-firmamento-y-la-pasion-14h/lotes
WELLINGTON CITY,436812,CITYSCAPE (GB),WELCOME CRAF,21sep2022,Male,0.65009087,0.10422795,0.067757644,9,FIRMAMENTO,/remates/venta-training-haras-firmamento-1/lotes,,,,,/remates/venta-training-haras-firmamento-1/lotes
WONDERFUL HALO,290532,SOUTHERN HALO (USA),MISS WONDERFUL,13sep2008,Female,0.71524775,0.15919271,0.11386223,73,FIRMAMENTO,/remates/remate-de-yeguas-madres-firmamento-y-la-pasion-14h/lotes,REMATE DE YEGUAS MADRES - FIRMAMENTO Y LA PASION . 14h,27/03/2025,27/03/2025,bullrich,https://antoniobullrich.com//remates/remate-de-yeguas-madres-firmamento-y-la-pasion-14h/lotes
WOODY MATIC,444027,PNEUMATIC (USA),WAVE PEDANT,18sep2023,Male,0.44302014,0.027646638,0.012248018,29,EL ARROYO,/remates/copa-bullrich-abril-14h/lotes,COPA BULLRICH ABRIL . 14h,10/04/2025,10/04/2025,bullrich,https://antoniobullrich.com//remates/copa-bullrich-abril-14h/lotes
